url,title,category,event,stage
https://challonge.com/y2h6s1yu,OCC May,official,,
https://challonge.com/jn2ufkbe,OCC Top 8 - May 2021,official,,
https://challonge.com/d7m3veuv,OCC June Qualifier - Bracket A,official,,
https://challonge.com/2p6valth,OCC June Qualifier - Bracket B,official,,
https://challonge.com/ejiiys2w,OCC June - Top 8,official,,
https://challonge.com/l9q74eb,OCC July Qualifier - Bracket A,official,,
https://challonge.com/kgry650e,OCC July Qualifier - Bracket B,official,,
https://challonge.com/n3fvs6ph,OCC July - Top 8 Finals,official,,
https://challonge.com/nrq1ukw3,August OCC Qualifier - Bracket A,official,,
https://challonge.com/ky2qxjv9,August OCC Qualifier - Bracket B,official,,
https://challonge.com/r7mt6j5j,August Final 8 - Kards OCC,official,,
https://challonge.com/ve81n6r4,September OCC - Qualifier A,official,,
https://challonge.com/g3ckzs6x,September OCC - Qualifier B,official,,
https://challonge.com/yx4zj5wh,September OCC - Final 8,official,,
https://challonge.com/rpz3kumh,October OCC - Qualifier A,official,,
https://challonge.com/7ys1mis2,October OCC - Qualifier B,official,,
https://challonge.com/zy9pr315,October OCC - Final 8,official,,
https://challonge.com/e8qt6x4c,November OCC - Qualifier A,official,,
https://challonge.com/viogzwtw,November OCC - Qualifier B,official,,
https://challonge.com/hn5ti3y5,November OCC - Final 8,official,,
https://challonge.com/lzrkfswc,December OCC - Qualifier A,official,,
https://challonge.com/myy1q709,December OCC - Final 8,official,,
https://challonge.com/g13nvw4u,December OCC - Qualifier B,official,,
https://challonge.com/xzl1lekw,January OCC Qualifier A,official,,
https://challonge.com/nvkzc5ny,January OCC Qualifier B,official,,
https://challonge.com/spikgs8k,January OCC Top 8,official,,
https://challonge.com/ntvnkqlm,February OCC - Qualifier B,official,,
https://challonge.com/bj8jcb3i,February OCC Top 8,official,,
https://challonge.com/vj1wjfn1,February OCC - Qualifier A,official,,
https://challonge.com/g01qdoxh,March OCC - Qualifier A,official,,
https://challonge.com/nspjopuh,March OCC - Qualifier B,official,,
https://challonge.com/hytqc8rv,March OCC Top 8,official,,
https://challonge.com/r22o5rfa,April OCC - Qualifier A,official,,
https://challonge.com/2fpy9pws,April OCC - Qualifier B,official,,
https://challonge.com/nkbytqt7,April OCC Top 8,official,,
https://challonge.com/nwxhh7kg,May OCC - Qualifier A,official,,
https://challonge.com/4ay0unhm,May OCC - Qualifier B,official,,
https://challonge.com/c5m8o762,May OCC Top 8,official,,
https://challonge.com/d8dlp2pk,June OCC - Qualifier A,official,,
https://challonge.com/bv8aldk4,June OCC - Qualifier B,official,,
https://challonge.com/cxfemk2l,June OCC Top 8,official,,
https://challonge.com/6p9wtx4,July OCC - Qualifier A,official,,
https://challonge.com/tml6ufgq,July OCC - Qualifier B,official,,
https://challonge.com/fizk4l2a,July OCC Top 8,official,,
https://challonge.com/xdt6cjn9,August OCC - Qualifier B,official,,
https://challonge.com/7xwr5wei,August OCC - Qualifier A,official,,
https://challonge.com/7cqyu4rz,August OCC Top 8,official,,
https://challonge.com/4awack4s,September OCC - Qualifier B,official,,
https://challonge.com/nfyu730d,September OCC - Qualifier A,official,,
https://challonge.com/86i90gm5,September OCC Top 8,official,,
https://challonge.com/1utjjmwh,October OCC - Qualifier A,official,,
https://challonge.com/74vnel5l,October OCC Top 8,official,,
https://challonge.com/8zslr74q,October OCC - Qualifier B,official,,
https://challonge.com/pdotg3cl,November OCC - Qualifier A,official,,
https://challonge.com/900x1oyo,November OCC - Qualifier B,official,,
https://challonge.com/x3pl9s0n,November OCC Top 8,official,,
https://challonge.com/6bpumc8p,December OCC - Qualifier A,official,,
https://challonge.com/c7zlbgbv,December OCC - Qualifier B,official,,
https://challonge.com/58o5u0bp,December OCC Top 8,official,,
https://challonge.com/efkyhtvn,January OCC - Qualifier B,official,,
https://challonge.com/3ftkugdy,January OCC - Qualifier A,official,,
https://challonge.com/fxlcsilt,January OCC 2023 - Top 8,official,,
https://challonge.com/KardsOpenXVqa,Kards Open XV - Qualifier A,open,,
https://challonge.com/KardsOpenXVqb,Kards Open XV - Qualifier B,open,,
https://challonge.com/pm61xy3v,February OCC Clash Qualifier A,official,,
https://challonge.com/r72gm5a8,February OCC Clash Qualifier B,official,,
https://challonge.com/zxu4le5m,February OCC Clash Top 8,official,,
https://challonge.com/aevht3l5,March OCC Clash Qualifier A,official,,
https://challonge.com/9sn0y7st,March OCC Clash Qualifier B,official,,
https://challonge.com/3on9ib8g,Kards Open XV - Top 16,open,,
https://challonge.com/kdd9f7yt,March OCC Clash Top 8,official,,
https://challonge.com/5z24f0bj,April OCC Clash Qualifier B,official,,
https://challonge.com/8i2x75gk,April OCC Clash Qualifier A,official,,
https://challonge.com/adq08xs3,April OCC Clash Top 8,official,,
https://challonge.com/psoeln2c,OCC Ultimate,official,,
https://challonge.com/19xsq9c0,May OCC Clash Qualifier A,official,,
https://challonge.com/kti11xot,May OCC Clash Qualifier B,official,,
https://challonge.com/60cxipah,May OCC Clash Top 8,official,,
https://challonge.com/obtbneqh,Pauper II - Top 8,community,,
https://challonge.com/a5r8iqfy,Kards Open XVI - Qualifier A [REDEMPTION],open,,
https://challonge.com/iaoj4nwm,June OCC Clash Qualifier A,official,,
https://challonge.com/o7c2k0u5,June OCC Clash Qualifier B,official,,
https://challonge.com/3bv4i0s0,June OCC Clash Top 8,official,,
https://challonge.com/ddnhb22k,Kards Open XVI - Top 16,open,,
https://challonge.com/vut1v0y8,July OCC Clash Qualifier A,official,,
https://challonge.com/2061oalx,July OCC Clash Qualifier B,official,,
https://challonge.com/9sc5j2rs,July OCC Clash Top 8,official,,
https://challonge.com/r16ssa1v,OCC Ultimate II,official,,
https://challonge.com/eb4tumdh,August OCC Clash Qualifier A,official,,
https://challonge.com/p462vq9p,August OCC Clash Qualifier B,official,,
https://challonge.com/vft0ebxg,August OCC Clash Top 8,official,,
https://challonge.com/4wvgzhlw,September OCC Clash Qualifier A,official,,
https://challonge.com/2f1y709j,September OCC Clash Qualifier B,official,,
https://challonge.com/dpbcqwhe,September OCC Clash Top 8,official,,
https://challonge.com/9mn9ruga,October OCC Clash Qualifier A,official,,
https://challonge.com/nkbllme6,October OCC Clash Qualifier B,official,,
https://challonge.com/2xb8d2yz,October OCC Clash Top 8,official,,
https://challonge.com/iwu8v1m9,KARDS World Championship 2023 - Knockout,official,,
https://challonge.com/5yhm6onp,OCC Ultimate III,official,,
https://challonge.com/5saueiub,November OCC Clash Qualifier A,official,,
https://challonge.com/9vgll97v,November OCC Clash Qualifier B,official,,
https://challonge.com/8mftk1ew,November OCC Clash Top 8,official,,
https://challonge.com/twonwjxz,December OCC Clash Qualifier,official,,
https://challonge.com/srgjig6c,December OCC Clash Top 8,official,,
https://challonge.com/8fh1begu,January 2024 OCC Clash Qualifier,official,,
https://challonge.com/kp124wc8,January 2024 OCC Clash Top 8,official,,
https://challonge.com/1v8k1u19,February 2024 OCC Clash Qualifier,official,,
https://challonge.com/3j7jat1s,February 2024 OCC Clash Top 8,official,,
https://challonge.com/43hbfnd9,March 2024 OCC Clash Qualifier,official,,
https://challonge.com/cbg1yzgl,March 2024 OCC Clash Top 8,official,,
https://challonge.com/jgtvaawn,April 2024 OCC Clash Top 8,official,,
https://challonge.com/5rinoy0c,May 2024 OCC Clash Top 8,official,,
https://challonge.com/ob8n3wzf,June 2024 OCC Clash Top 8,official,,
https://challonge.com/1hy5h1az,July 2024 OCC Clash Top 8,official,,
https://challonge.com/bez3856k,August 2024 OCC Clash Top 8,official,,
https://challonge.com/w5wxe7ht,September 2024 OCC Clash Qualifier,official,,
https://challonge.com/tissnuyy,September 2024 OCC Clash Top 8,official,,
https://challonge.com/l1hu544i,October 2024 OCC Clash Qualifier,official,,
https://challonge.com/yxwku1li,October 2024 OCC Clash Top 8,official,,
https://challonge.com/ejnucolc,November 2024 OCC Clash Qualifier,official,,
https://challonge.com/b08lik80,November 2024 OCC Clash Top 8,official,,
https://challonge.com/bzqje2vn,Kards World Championship 2024,official,,
https://challonge.com/hneqzq86,Blood & Iron Expansion Tournament,official,,
https://challonge.com/mtqsjka1,Blood & Iron Expansion Top 8,official,,
https://challonge.com/85lljfo5,United Front Expansion Tournament,official,,
https://challonge.com/phywiabd,United Front Expansion Top 8,official,,
https://challonge.com/i795vsgb,Naval Warfare Expansion Tournament,official,,
https://challonge.com/wjlhdbde,Naval Warfare Expansion Top 8,official,,
https://challonge.com/o1vgwx9n,Air Supremacy Expansion Tournament,official,,
https://challonge.com/hwe6vi56,Air Supremacy Expansion Top 8,official,,
https://challonge.com/mzozwr95,Kards World Championship 2025,official,,
https://challonge.com/9dg4utez,KARDS Winter Tournament 2026,official,,
https://challonge.com/3k4uhycm,KARDS Winter Tournament 26 - Top 8,official,,
https://challonge.com/vx95mj0a,KARDS Spring Tournament 2026,official,,
https://challonge.com/yud7s4e2,KARDS Spring Tournament 26 - Top 8,official,,
https://challonge.com/ombpyck3,KARDS Summer Tournament 2026,official,,
https://challonge.com/m1cdx7ue,KARDS Summer Tournament 26 - Top 8,official,,
https://challonge.com/ythi6ssh,KARDS Fall Tournament 2026,official,,
https://challonge.com/c07pz8yp,KARDS Fall Tournament 2026 - Top 8,official,,
