player_id,name,elo,se,score,wins,losses,last_played
ch:失其本心八幡,失其本心八幡 (Hachiman),1551.4,59.0,1492.4,13,3,2026-08-22
ch:sie_,Sie_,1536.1,57.5,1478.6,13,7,2026-08-22
bf:673f99e9a144d7002b2e28a4,hqt18,1526.8,63.5,1463.3,10,5,2025-12-21
bf:673f9bcd89b5530023006e4d,Spoker,1519.7,64.9,1454.8,17,6,2025-12-20
bf:564e7b5b80b8db4a00c4ff9c,Jking7,1512.4,65.8,1446.6,102,53,2024-06-29
ch:煎饼1,煎饼1,1510.2,65.0,1445.2,6,4,2025-12-21
bf:673f9ae481b1a20036ec0786,Noein5,1508.7,64.6,1444.0,48,40,2025-02-22
bf:673f9c4181b1a20036ec0796,Twi Dcargo,1507.8,64.9,1442.9,8,3,2025-12-21
bf:673f997c70390c0041722f8c,guorq123456,1506.4,67.7,1438.8,14,6,2024-12-16
ch:2598252160,2598252160,1502.1,63.8,1438.3,6,4,2026-04-18
bf:673f95f8744fee00353bc808,66better,1500.7,63.0,1437.7,11,11,2026-08-22
bf:673f98c7237e35004096e4a4,dandelion882691,1503.3,65.6,1437.7,9,5,2025-12-20
bf:673f9c6789b5530023006e53,xyloser,1503.7,67.6,1436.2,20,13,2024-12-15
bf:673f9e64237e35004096e4c4,禁忌之门,1497.3,61.7,1435.6,9,8,2026-06-26
bf:5ebd9402b92b28521a098ec8,Innocent Bubbles,1503.0,68.7,1434.2,10,12,2024-04-27
bf:673f9eb0237e35004096e4ca,钟离梓,1501.6,67.9,1433.8,33,17,2024-08-17
bf:673f9c032ea3530021c8da09,Thanatron,1502.3,68.7,1433.6,9,6,2023-12-03
bf:673f9726a144d7002b2e2888,Bezio,1501.5,68.0,1433.5,14,11,2023-12-16
bf:5ec038e2256baa1d38011a05,Vinny,1501.5,68.5,1433.0,22,24,2023-07-29
sgg:2519403,我开天王炸,1501.6,69.0,1432.5,18,9,2023-01-19
bf:5fa3973bf8fc171ea9f68255,辉辉呀,1501.2,69.2,1432.0,26,10,2022-11-05
sgg:2621073,dian,1500.5,68.7,1431.8,14,11,2024-07-27
bf:673f98f370390c0041722f81,Dr.Leo,1500.1,68.5,1431.6,12,6,2024-10-19
bf:57101bc80b3b0f8312f27ec5,Socialist,1500.2,68.9,1431.3,6,2,2023-12-03
bf:5eb65df574f31a11dd226b38,Darkness,1500.4,69.1,1431.3,25,17,2022-11-05
bf:5f362c8703dbcc11d58d78e3,Kolbasnik,1500.1,69.0,1431.2,22,18,2022-11-27
bf:5f109d917a5f692572240090,John_Px,1500.4,69.2,1431.1,18,9,2022-11-26
bf:5fb1e014eb92fe0475439152,TB273,1499.7,68.8,1430.9,9,9,2023-11-04
sgg:2917089,金轮会怎么做 (Jinlun),1500.0,69.2,1430.8,4,3,2023-05-03
sgg:2486589,孙笑川258,1500.1,69.4,1430.7,5,1,2021-10-31
sgg:2493663,FaiRNess,1500.1,69.4,1430.7,9,2,2021-10-30
sgg:2801104,Chistyi,1500.0,69.3,1430.7,4,2,2022-11-05
bf:5b38c676cbd82c03a4f28e8f,doge34,1500.0,69.4,1430.6,3,2,2022-06-25
bf:5f0cd40c3087a65e039603f4,wild_eyes,1500.0,69.4,1430.6,7,7,2022-01-22
bf:5fa62937c3c163598ec80783,CCMS-031,1499.9,69.3,1430.6,9,5,2022-11-05
occsheet:byej,Bye J,1500.1,69.5,1430.6,3,1,2020-09-19
occsheet:ocanadabearo,OCanadaBearO,1500.0,69.5,1430.6,3,1,2020-09-19
sgg:2486950,9tribez,1500.0,69.4,1430.6,8,4,2021-10-30
sgg:2494008,Viebator,1500.0,69.4,1430.6,5,2,2021-12-05
bf:5ebc5c7aec210a06ae04d4d4,Snefru,1500.0,69.5,1430.5,0,1,2020-09-05
bf:5f101bc2eea71b24bc30c50e,Hubblebub,1500.0,69.5,1430.5,2,1,2020-07-19
bf:5f4536884cbe7961ba1906fa,Zanderson30,1500.0,69.5,1430.5,0,1,2020-09-05
bf:5fa5ede611743771ade94108,ComTruise,1499.9,69.4,1430.5,8,7,2021-06-19
bf:673f9e78237e35004096e4c6,老虎不发猫,1498.8,68.2,1430.5,24,28,2024-11-16
ch:函末呀,函末呀,1500.0,69.5,1430.5,3,0,2021-07-24
occsheet:merlinix,MerliniX,1500.0,69.5,1430.5,1,3,2020-07-19
occsheet:rainzone77,Rainzone77,1500.0,69.5,1430.5,3,3,2020-07-19
occsheet:reafer,reafer,1500.0,69.5,1430.5,0,1,2020-06-19
occsheet:scientiavore,Scientiavore,1500.0,69.5,1430.5,0,1,2020-06-19
occsheet:shadowtp,shadowtp,1500.0,69.5,1430.5,0,1,2020-07-19
occsheet:titan,Titan,1500.0,69.5,1430.5,0,1,2020-08-19
sgg:2488448,装甲航空驱逐舰大凤,1499.9,69.4,1430.5,4,2,2021-10-30
bf:5dadf6683f9f8d27e2e9cc0b,GKZhukov,1499.9,69.5,1430.4,3,1,2021-02-27
bf:5eb62f23aefaaf170fa23f33,BlueCCG,1499.8,69.4,1430.4,12,13,2021-12-19
bf:5f113e2cd04bae257fc195f6,RafcKen7,1499.8,69.5,1430.4,2,3,2021-09-04
bf:5f32919a74a4bd1196ff9509,wydsxl,1499.9,69.5,1430.4,0,2,2021-09-04
bf:5fa27e32f8fc171ea9f66940,cu元素收集大师,1499.9,69.4,1430.4,4,2,2022-11-05
bf:5fb1cc6ee0bfea60c76a1385,Tenstrovski,1499.9,69.5,1430.4,2,1,2021-05-12
bf:5fb7473c502b9e587d1becbe,ILoveMooncake,1499.8,69.5,1430.4,2,2,2021-09-04
bf:5fbc4040adfefd64e8c8fd73,Diogenesis,1499.8,69.5,1430.4,1,1,2021-02-27
bf:5fbebdee043fd20cdf90cfaf,GM_Logan,1499.8,69.5,1430.4,1,1,2021-05-30
bf:601d72b8945ba61bbd9b6b3e,JamesJimRaynor,1499.8,69.4,1430.4,6,6,2021-06-19
bf:602efa92d7a4147c1146d997,Dynamo D,1499.8,69.5,1430.4,1,1,2021-02-27
bf:673f97e4a144d7002b2e288b,citrus,1499.7,69.3,1430.4,3,2,2022-11-05
ch:a15159675088,a15159675088,1499.8,69.4,1430.4,2,1,2021-10-17
ch:apologize,Apologize,1499.8,69.5,1430.4,2,1,2021-09-21
occsheet:diablozhang,Diablo Zhang,1499.9,69.5,1430.4,0,1,2020-10-19
occsheet:dreamer,Dreamer,1499.9,69.5,1430.4,2,1,2020-10-19
occsheet:lihifeng,Li Hi Feng,1499.9,69.5,1430.4,2,1,2021-02-19
occsheet:michalelele,Michale-lele,1499.9,69.5,1430.4,0,1,2020-09-19
sgg:2498370,Garf ABC Albert,1499.8,69.4,1430.4,3,2,2021-10-30
bf:5c4d3b7150078403fe2d5308,龍槍雷斯林,1499.8,69.5,1430.3,0,1,2021-05-30
bf:5c4dca4fa9f6820352797666,VildeScarz,1499.8,69.4,1430.3,1,1,2022-02-26
bf:5d26bcf5c9bf6055b457dfb5,UkrainianKing,1499.8,69.5,1430.3,0,1,2021-05-30
bf:5e6a39a3f1f90c345a8e7fcd,Yakin,1499.8,69.5,1430.3,0,1,2021-02-27
bf:5e889af67a9c4c10932a6ca9,usp45master,1499.8,69.5,1430.3,0,1,2021-04-10
bf:5e9cf8ff72e2961f747c7978,DARKCA5TLE,1499.8,69.5,1430.3,0,1,2021-04-10
bf:5eb598330abb797ad38acaee,NonGMOSalt,1499.8,69.5,1430.3,0,1,2021-05-30
bf:5eb7670e5e789b4b50a06de2,WHEEL3R,1499.8,69.5,1430.3,0,1,2021-02-27
bf:5ebea2fd1eafc755976c161a,Drogear,1499.7,69.5,1430.3,0,2,2022-01-22
bf:5ec5e7746951c62d86f53235,FL1ppY | エワウト,1499.8,69.5,1430.3,0,1,2021-02-13
bf:5f0e248def3ab65b96796c3f,frenchcook,1499.8,69.5,1430.3,1,2,2021-06-27
bf:5f0e67fdf26046593189c71c,B_O_R_U_T_O_1,1499.8,69.5,1430.3,0,1,2021-05-30
bf:5f0f3d9e7c4df3491abfe047,Snooginz,1499.8,69.5,1430.3,0,2,2021-02-27
bf:5f10c966160c3f2239e92921,ColdCarl,1499.8,69.5,1430.3,1,1,2021-06-27
bf:5f11d247160c3f2239e940a4,LuckySpike,1499.7,69.5,1430.3,0,2,2021-04-10
bf:5f130139f7c29f223fd64290,Fenrir,1499.7,69.5,1430.3,0,1,2021-05-10
bf:5f4318d1681ff84ab5ec92f9,Sidecrawler,1499.8,69.5,1430.3,2,2,2021-06-27
bf:5fa2011d11743771ade90dee,gabo,1499.7,69.4,1430.3,7,7,2021-10-30
bf:5fa3da8e11743771ade92018,Spooz,1499.7,69.5,1430.3,2,4,2021-09-04
bf:5fb02943698db1048d26b9cd,Bison,1499.7,69.4,1430.3,4,4,2021-12-04
bf:5fc13c6e4a99f533280c7373,Vavilon6,1499.8,69.5,1430.3,2,3,2021-04-10
bf:601cafe1bb724711bbdc0e41,diablojoker,1499.8,69.5,1430.3,0,1,2021-02-13
bf:601cb9e68f8ab5604536225b,xialang,1499.8,69.5,1430.3,0,1,2021-02-27
bf:601d189a36ceeb11b32b81e2,MR.p,1499.8,69.5,1430.3,0,1,2021-05-30
bf:601dacd85156047698264137,pelota,1499.8,69.5,1430.3,0,1,2021-02-13
bf:602c0e5389472a782b9cbc26,Shockwave750,1499.8,69.5,1430.3,0,1,2021-02-27
bf:602d5acba74cc17c31b7d9af,Nyarlathotep,1499.8,69.5,1430.3,1,2,2021-06-27
bf:6030551a73965f35ae461762,log1c,1499.8,69.5,1430.3,0,1,2021-04-10
bf:603cfe1ab328151e11b92549,buzzAldrin,1499.7,69.5,1430.3,0,1,2021-05-11
bf:6064772a1dc5b905e3c0ff51,repose,1499.8,69.4,1430.3,1,1,2022-02-26
bf:606854ffd0955e11e2b01407,Magnus_Aurel,1499.8,69.5,1430.3,0,1,2021-04-10
bf:607823b0c75b3f32bc89dbca,WhiteEagle_,1499.8,69.4,1430.3,3,4,2021-10-30
bf:60a67f38000fb03f36004b2c,Dindalian,1499.8,69.5,1430.3,1,1,2021-06-27
bf:60a7c75f9c13276cd691586e,devil,1499.8,69.5,1430.3,0,1,2021-05-30
bf:60ae60e26dada66f5e2a9239,ERB0L,1499.8,69.4,1430.3,2,3,2021-09-04
ch:897009834,897009834,1499.8,69.5,1430.3,1,1,2021-05-12
ch:robber57,ROBBER57,1499.8,69.5,1430.3,1,1,2021-05-12
ch:rrrita,RRRita,1499.7,69.5,1430.3,2,3,2021-07-24
ch:thegod,The God,1499.7,69.5,1430.3,0,1,2021-05-11
ch:tiger,Tiger,1499.6,69.4,1430.3,3,0,2023-05-07
ch:typhus,Typhus,1499.7,69.5,1430.3,0,1,2021-05-11
occsheet:saria,Saria,1499.8,69.5,1430.3,0,2,2021-01-19
sgg:2374874,Hayboza,1499.7,69.5,1430.3,0,1,2021-05-10
sgg:2388207,百里蒿,1498.8,68.5,1430.3,16,17,2023-11-05
sgg:2483500,charlin1805,1499.8,69.5,1430.3,1,3,2021-09-18
sgg:2493529,SChickEN,1499.7,69.4,1430.3,2,2,2021-10-30
sgg:2499155,Cyril Morrigane,1499.7,69.4,1430.3,3,5,2021-10-30
sgg:2518593,dsada,1499.7,69.4,1430.3,1,1,2022-04-30
sgg:2621982,norouisd,1499.7,69.4,1430.3,2,2,2022-05-01
sgg:2924951,AndYetItMoves,1499.5,69.2,1430.3,2,2,2024-01-27
bf:5ec99a6d5cb5d5345c7fdf7c,AriBigBehn,1499.4,69.2,1430.2,17,17,2023-03-18
bf:5f0df84e824086475be264b7,Terror_de,1499.7,69.5,1430.2,1,3,2021-06-27
bf:5f32f48419fcf2666b2abff1,kowalski,1499.7,69.5,1430.2,1,4,2021-11-27
bf:5f3fc42472caf64e0f2b589c,Shiva's,1499.7,69.5,1430.2,0,1,2021-09-04
bf:5fb038eb1632970e916b6f46,DerNem,1499.6,69.4,1430.2,0,1,2022-02-26
bf:5fbeb056698db1048d27b5bd,Stuie,1499.6,69.4,1430.2,1,2,2021-10-30
bf:5fbf6ade2dc8793ada852a75,Stalinlism,1499.6,69.4,1430.2,1,2,2021-10-30
bf:5fbf8670698db1048d27bfda,Mizuyu,1499.6,69.4,1430.2,1,2,2021-10-30
bf:60ca80ace39b28468395e0c2,PAGMARE,1499.6,69.5,1430.2,0,1,2021-11-27
ch:加藤惠,加藤惠,1499.6,69.4,1430.2,0,2,2022-03-19
ch:柠檬突刺,柠檬突刺,1499.7,69.5,1430.2,0,2,2021-06-19
ch:算什么男人,算什么男人,1499.6,69.4,1430.2,1,2,2022-03-19
sgg:2483698,ZhanYun,1499.6,69.4,1430.2,1,3,2022-11-05
sgg:2485067,敦刻尔克没有白色,1499.6,69.5,1430.2,0,1,2021-10-17
bf:5f0e37b37c5e104738aebbe3,toDIEisGAIN,1499.6,69.4,1430.1,0,8,2021-10-30
bf:5fa5397c241d875936d2c2f2,Vadim,1499.5,69.4,1430.1,1,3,2022-11-05
bf:601ccba636ceeb11b32b80ff,清水晴政,1499.5,69.4,1430.1,0,1,2022-04-30
bf:601d334704309b1b93074798,Jashin,1499.6,69.5,1430.1,0,2,2022-04-30
bf:60647b02521bb713377d6f5c,Zilda,1499.5,69.4,1430.1,3,8,2021-11-21
bf:6070a8022fd5451122c65ae8,apara,1499.6,69.5,1430.1,0,2,2022-02-26
bf:673f9930237e35004096e4ad,Gat0,1499.5,69.4,1430.1,2,3,2022-06-25
sgg:2483739,softcore gamer,1499.6,69.5,1430.1,0,2,2021-10-30
sgg:2483766,black_nao,1499.6,69.5,1430.1,0,2,2021-10-30
sgg:2485339,Raz0r,1499.6,69.5,1430.1,0,2,2021-10-30
sgg:2491412,polska,1499.6,69.5,1430.1,0,2,2021-10-30
bf:5fb42443a2fd346547530b2e,RED SUN,1499.5,69.5,1430.0,0,2,2022-11-19
sgg:3076346,冲矢猫,1499.1,69.0,1430.0,3,3,2024-07-27
ch:sstldb,sstldb,1499.0,69.1,1429.9,3,0,2024-04-27
sgg:2803542,kumashin76,1499.3,69.4,1429.9,1,2,2023-03-18
sgg:2805583,Probe,1499.3,69.4,1429.9,0,1,2022-08-27
sgg:2917562,General Ganja,1499.3,69.4,1429.9,0,1,2022-08-27
sgg:2931690,CHNCWY,1499.3,69.4,1429.9,0,1,2022-08-27
sgg:2938143,狐总命令往下传,1499.3,69.4,1429.9,0,1,2022-08-27
bf:5d4eae596c2b2139a67ce680,herr_punpun,1499.2,69.4,1429.8,0,3,2023-03-18
bf:5f32c6147bd80311ab78193f,petriachor,1499.2,69.4,1429.8,0,5,2022-11-05
bf:673f95ef237e35004096e492,[CN]lgyouch,1499.1,69.3,1429.8,1,2,2022-11-05
ch:pytorch,pytorch,1498.9,69.0,1429.8,4,4,2023-10-29
sgg:3082033,,1499.2,69.3,1429.8,1,2,2022-11-05
sgg:3082715,Johnny99,1499.1,69.3,1429.8,1,2,2022-11-05
bf:673f964570390c0041722f72,bamboo,1498.9,69.2,1429.7,5,6,2024-02-24
ch:夏浪,夏 浪,1499.0,69.4,1429.7,0,2,2023-01-28
bf:57b5a7ffabd8181c0cfdf304,CaptainA,1498.9,69.2,1429.6,1,5,2023-10-22
ch:dio,DIO,1499.0,69.4,1429.6,0,1,2022-10-22
sgg:2616063,baron von glower,1498.5,68.9,1429.6,4,6,2024-03-30
bf:5fb0e0020c8f110e8a8bf3f2,Krieger,1498.9,69.4,1429.5,0,2,2022-11-05
bf:5fbfb60f1632970e916c6544,rayson366458,1498.9,69.4,1429.5,0,2,2022-11-05
ch:二月叶,二月叶,1498.6,69.1,1429.5,4,2,2023-10-22
sgg:2504205,1,1498.9,69.4,1429.5,0,2,2022-11-05
sgg:3082387,lin,1498.9,69.4,1429.5,0,2,2022-11-05
bf:5bef1fd422a55803cb340a40,OHxCORNGUY,1498.3,68.9,1429.4,8,8,2023-12-16
bf:5fa57306cc28b3594394b946,Liszt,1498.6,69.2,1429.4,2,6,2023-10-22
ch:evergardenxciv,EverGardenXCIV,1498.7,69.4,1429.3,0,3,2023-01-19
ch:下北泽臭小子,青柠梦,1497.9,68.6,1429.3,3,4,2024-09-28
sgg:3076789,Skyrif (Skyrif),1498.7,69.4,1429.3,0,1,2022-11-26
sgg:3082136,Sgt_Stupidity,1498.7,69.4,1429.3,0,1,2022-11-26
sgg:2930602,Piłsudski,1498.5,69.2,1429.2,2,4,2023-12-16
bf:673f9b382ea3530021c8d9fd,Rara88,1498.6,69.4,1429.1,1,1,2023-03-18
ch:Kamavati,Kamavati,1498.5,69.4,1429.1,1,1,2023-03-18
bf:5a4d98c332953903641106de,freddie,1498.2,69.4,1428.8,1,2,2023-03-18
ch:0.0,0.0,1497.9,69.1,1428.8,3,2,2023-10-22
ch:RagingJimCramer,RagingJimCramer,1498.1,69.3,1428.8,2,2,2023-06-25
sgg:2709342,MoERo,1498.0,69.1,1428.8,3,2,2023-10-22
ch:再见宋哈娜,再见宋哈娜,1498.2,69.4,1428.7,0,1,2023-03-18
bf:673f99d8a144d7002b2e28a0,Head,1495.2,66.6,1428.6,25,26,2024-10-19
ch:梓阳啊,梓阳啊 (Ziyang),1497.9,69.2,1428.6,2,3,2023-06-24
ch:虚竹太岁,虚竹太岁,1497.8,69.2,1428.6,2,1,2023-12-16
ch:jinlun,Jinlun,1497.9,69.4,1428.5,1,2,2023-05-07
ch:懿凌,懿凌,1497.9,69.3,1428.5,1,2,2023-05-20
bf:5fbef0d92dc8793ada8527a5,嘤嘤嘤 (Ying),1497.7,69.4,1428.3,0,1,2023-06-17
ch:UwU_moi,UwU_Moi,1497.5,69.2,1428.3,2,5,2023-06-24
ch:Wanghongwen,电棍儿,1497.6,69.4,1428.1,0,1,2023-06-24
ch:leovinardo,leovinardo,1497.6,69.4,1428.1,0,1,2023-06-24
ch:leps,leps,1497.2,69.2,1428.0,2,2,2023-10-22
ch:提尔比茨,提尔比茨,1497.2,69.2,1428.0,2,2,2023-10-22
ch:散失水人蝴蝶狗#4817(morphling),散失水人蝴蝶狗 (morphling),1496.4,68.5,1428.0,4,3,2024-08-17
sgg:2483808,ApeGo,1497.2,69.2,1428.0,2,2,2023-10-22
ch:拿古飞,拿古飞,1497.1,69.3,1427.8,1,2,2023-08-19
sgg:2803048,老毛eee,1497.1,69.4,1427.7,0,1,2023-08-19
bf:5fa27bfdf8fc171ea9f66924,CalinBZ,1496.8,69.2,1427.6,2,6,2024-12-15
bf:60509713496ba24d0604cc08,TreePipit,1496.2,68.6,1427.6,2,9,2024-12-15
ch:dchukov,dchukov,1496.5,69.3,1427.3,1,2,2023-10-22
ch:gragon123,Gragon123,1496.5,69.3,1427.3,1,2,2023-10-22
ch:pdc2018,PDC 2018,1496.5,69.3,1427.3,1,2,2023-10-22
ch:starrywarren,starrywarren,1496.5,69.3,1427.3,1,2,2023-10-22
ch:且战且退的巴甫洛夫,且战且退的巴甫洛夫,1496.5,69.3,1427.3,1,2,2023-10-22
ch:恶法亦法(shawn),恶法亦法 (Shawn),1496.5,69.4,1427.1,0,1,2023-10-28
ch:yaoliu,YaoLiu,1496.2,69.4,1426.8,0,1,2023-12-16
bf:5fa31ac6f8fc171ea9f67c43,hayes,1495.8,69.3,1426.5,0,2,2023-10-22
bf:5fbe8c402dc8793ada8519d5,Der_Admiral,1495.8,69.3,1426.5,0,2,2023-10-22
ch:chaos,Chaos,1495.7,69.1,1426.5,1,4,2023-11-18
ch:symbol,symbol,1495.8,69.3,1426.5,0,2,2023-10-22
bf:5fa467df4eb3c2458669c29a,Berto Burrito,1493.3,67.1,1426.2,36,27,2025-10-25
ch:七海千秋,七海千秋,1494.4,68.2,1426.2,4,6,2025-02-22
ch:highentropybody,High Entropy Body,1495.5,69.4,1426.1,0,1,2024-01-27
ch:圆寂都察院,圆寂都察院 (Godyuan),1495.1,69.3,1425.9,0,3,2023-11-18
ch:咖喱鱼蛋#2218(electrophy),咖喱鱼蛋 (Electrophy),1495.0,69.2,1425.8,1,1,2024-05-25
bf:673f9c552ea3530021c8da0d,winnerwillwin,1494.3,68.9,1425.4,1,2,2024-12-15
bf:673f98fb70390c0041722f84,Echidna,1494.1,69.3,1424.8,0,1,2024-04-27
ch:lostlight-n,lostlight-n,1494.2,69.3,1424.8,0,1,2024-04-27
ch:顶级大厨,顶级大厨,1493.6,69.0,1424.6,0,3,2025-04-26
bf:673f9be589b5530023006e4f,Stanislav,1493.3,68.9,1424.4,1,3,2024-12-15
ch:风尾二胡,风尾二胡 (Kazao),1493.4,69.2,1424.2,0,2,2024-05-25
ch:m4n,m4n,1492.8,69.1,1423.7,1,1,2024-09-28
ch:顶级岛风(shimakaze),顶级岛风 (shimakaze),1493.0,69.3,1423.6,0,1,2024-06-29
bf:673f9bee81b1a20036ec0792,Takao,1491.5,69.1,1422.4,0,2,2024-12-15
ch:dark,dark,1490.9,69.3,1421.7,0,1,2024-09-28
bf:673f9e2f237e35004096e4c2,水下玩家,1490.9,69.3,1421.6,0,1,2024-09-28
bf:673f9d032ea3530021c8da15,孤独的时间旅客,1490.6,69.1,1421.5,0,2,2024-08-17
ch:syswdsr,syswdsr,1486.7,65.6,1421.0,4,3,2025-12-20
bf:673f9bc489b5530023006e4b,Spellbreaker,1489.9,69.2,1420.8,0,1,2024-11-16
bf:673f9cc689b5530023006e64,变成光守护阿梓公主,1487.0,66.8,1420.2,7,11,2025-12-20
bf:5fb3184d9a9e750ea663e423,killswitch,1487.2,67.1,1420.1,14,20,2025-12-20
bf:673f996f70390c0041722f8a,guest,1488.6,69.2,1419.4,0,1,2024-12-15
bf:673f9a3c70390c0041722f95,Juan,1488.6,69.2,1419.4,0,1,2024-12-15
ch:作死的骡博,作死的骡博 (Radish),1483.7,64.3,1419.4,6,5,2026-04-17
bf:673f9a0970390c0041722f91,Intradiction,1488.5,69.2,1419.3,0,1,2024-12-15
bf:673f9ced89b5530023006e66,赫宝赫宝我爱你,1485.2,66.7,1418.5,1,4,2026-06-27
ch:伊弗列姆,伊弗列姆 (ephraim),1486.9,69.0,1417.8,0,1,2025-02-22
bf:673f9c8c2ea3530021c8da11,不是空心神,1485.4,68.1,1417.3,1,5,2025-07-19
ch:eszemteszem,eszemteszem,1483.9,67.4,1416.4,1,5,2025-12-20
ch:一方,一方,1483.9,68.4,1415.4,1,2,2025-04-27
bf:673f99e1a144d7002b2e28a2,henry449856878,1476.6,64.1,1412.4,6,7,2026-08-21
ch:uiouuf,UIOUUF,1480.0,68.7,1411.2,0,1,2025-07-19
bf:673f9e86744fee00353bc83c,至死方休,1479.8,68.7,1411.0,0,1,2025-07-19
ch:dhhcofn,Dhhcofn,1476.6,66.2,1410.4,2,1,2026-04-18
ch:hpph,hpph,1471.3,65.5,1405.8,2,1,2026-08-11
ch:说的道理,说的道理,1474.2,68.5,1405.7,0,1,2025-10-25
ch:爱欣欣欣欣,爱欣欣欣欣,1469.9,66.6,1403.2,1,3,2025-12-20
ch:椎名ましろ,椎名ましろ,1464.1,66.5,1397.6,1,2,2026-03-04
ch:拉菲艾拉,拉菲艾拉,1464.1,68.0,1396.1,0,1,2026-02-28
bf:673f9ca92ea3530021c8da13,原子吐息,1462.9,68.0,1394.9,0,1,2026-02-28
ch:gt_bed,GT_bed,1459.5,66.5,1392.9,1,1,2026-06-27
ch:70714,70714,1458.8,66.2,1392.6,1,2,2026-04-18
ch:akgz,akgz,1457.2,67.8,1389.3,0,1,2026-04-18
ch:鸾缨凤翎,鸾缨凤翎 (Aquila),1456.1,67.8,1388.2,0,1,2026-04-17
ch:cirno,Cirno,1447.4,67.5,1379.9,0,1,2026-06-26
ch:sob-liu,SOB-liu,1444.3,65.0,1379.3,1,2,2026-08-22
ch:hojoto,旮旯给木高手,1440.5,65.7,1374.8,0,3,2026-08-21
ch:cianeled,cianeled,1441.3,67.2,1374.1,0,1,2026-08-21
ch:卡牌的力量,卡牌的力量 (card),1436.2,66.3,1369.9,0,2,2026-08-21
