event,stage,stage_type,round,time,p1,p1_account,p2,p2_account,s1,s2,source
Kards World Championship 2021,Grand Finals,double elimination,Upper semifinal,2021-12-04T13:00:00Z,Viebator,sgg:2494008,Bison,bf:5fb02943698db1048d26b9cd,3,2,https://www.kards.com/news/world-championships-are-over (bracket image)
Kards World Championship 2021,Grand Finals,double elimination,Upper semifinal,2021-12-04T15:00:00Z,Darkness,bf:5eb65df574f31a11dd226b38,Jking7,bf:564e7b5b80b8db4a00c4ff9c,3,2,https://www.kards.com/news/world-championships-are-over (bracket image)
Kards World Championship 2021,Grand Finals,double elimination,Lower round 1,2021-12-04T17:00:00Z,Jking7,bf:564e7b5b80b8db4a00c4ff9c,Bison,bf:5fb02943698db1048d26b9cd,3,2,https://www.kards.com/news/world-championships-are-over (bracket image)
Kards World Championship 2021,Grand Finals,double elimination,Upper final,2021-12-05T13:00:00Z,Darkness,bf:5eb65df574f31a11dd226b38,Viebator,sgg:2494008,3,0,https://www.kards.com/news/world-championships-are-over (bracket image)
Kards World Championship 2021,Grand Finals,double elimination,Lower final,2021-12-05T15:00:00Z,Jking7,bf:564e7b5b80b8db4a00c4ff9c,Viebator,sgg:2494008,3,1,https://www.kards.com/news/world-championships-are-over (bracket image)
Kards World Championship 2021,Grand Finals,double elimination,Grand final,2021-12-05T17:00:00Z,Jking7,bf:564e7b5b80b8db4a00c4ff9c,Darkness,bf:5eb65df574f31a11dd226b38,3,2,https://www.kards.com/news/world-championships-are-over (bracket image; text: five-game final)
Kards World Championship 2022,Grand Finals,double elimination,Upper semifinal,2022-12-03T13:00:00Z,Berto Burrito,bf:5fa467df4eb3c2458669c29a,Head,sgg:2627360,3,0,https://www.kards.com/news/kards-2022-world-championship-results (bracket image)
Kards World Championship 2022,Grand Finals,double elimination,Upper semifinal,2022-12-03T15:00:00Z,Jking7,bf:564e7b5b80b8db4a00c4ff9c,Bamboo,sgg:2498438,3,0,https://www.kards.com/news/kards-2022-world-championship-results (bracket image)
Kards World Championship 2022,Grand Finals,double elimination,Lower round 1,2022-12-03T17:00:00Z,Head,sgg:2627360,Bamboo,sgg:2498438,3,0,https://www.kards.com/news/kards-2022-world-championship-results (bracket image)
Kards World Championship 2022,Grand Finals,double elimination,Upper final,2022-12-04T13:00:00Z,Jking7,bf:564e7b5b80b8db4a00c4ff9c,Berto Burrito,bf:5fa467df4eb3c2458669c29a,3,1,https://www.kards.com/news/kards-2022-world-championship-results (bracket image)
Kards World Championship 2022,Grand Finals,double elimination,Lower final,2022-12-04T15:00:00Z,Head,sgg:2627360,Berto Burrito,bf:5fa467df4eb3c2458669c29a,3,2,https://www.kards.com/news/kards-2022-world-championship-results (bracket image; text: went all 5 games)
Kards World Championship 2022,Grand Finals,double elimination,Grand final,2022-12-04T17:00:00Z,Jking7,bf:564e7b5b80b8db4a00c4ff9c,Head,sgg:2627360,3,0,https://www.kards.com/news/kards-2022-world-championship-results (bracket image; text: 3-0)
KARDS World Championship 2023,Grand Finals,double elimination,Upper semifinal,2023-12-02T13:00:00Z,Jking7,bf:564e7b5b80b8db4a00c4ff9c,Leo,sgg:3087923,3,1,https://www.kards.com/news/kards-2023-wc-relive-all-the-action (bracket image)
KARDS World Championship 2023,Grand Finals,double elimination,Upper semifinal,2023-12-02T15:00:00Z,Socialist,bf:57101bc80b3b0f8312f27ec5,Thanatron,sgg:375061,3,2,https://www.kards.com/news/kards-2023-wc-relive-all-the-action (bracket image)
KARDS World Championship 2023,Grand Finals,double elimination,Lower round 1,2023-12-02T17:00:00Z,Thanatron,sgg:375061,Leo,sgg:3087923,3,1,https://www.kards.com/news/kards-2023-wc-relive-all-the-action (bracket image; text: Leo out on day 1)
KARDS World Championship 2023,Grand Finals,double elimination,Upper final,2023-12-03T13:00:00Z,Socialist,bf:57101bc80b3b0f8312f27ec5,Jking7,bf:564e7b5b80b8db4a00c4ff9c,3,1,https://www.kards.com/news/kards-2023-wc-relive-all-the-action (bracket image)
KARDS World Championship 2023,Grand Finals,double elimination,Lower final,2023-12-03T15:00:00Z,Jking7,bf:564e7b5b80b8db4a00c4ff9c,Thanatron,sgg:375061,3,1,https://www.kards.com/news/kards-2023-wc-relive-all-the-action (bracket image)
KARDS World Championship 2023,Grand Finals,double elimination,Grand final (Bo7),2023-12-03T17:00:00Z,Jking7,bf:564e7b5b80b8db4a00c4ff9c,Socialist,bf:57101bc80b3b0f8312f27ec5,4,2,https://www.kards.com/news/kards-2023-wc-relive-all-the-action (bracket image; text: 4-2)
