event,stage,stage_type,round,time,p1,p1_account,p2,p2_account,s1,s2,source
OCC 2020-06,Top 8,single elimination,Quarterfinal,2020-06-19T13:00:00Z,AriBigBehn,bf:5ec99a6d5cb5d5345c7fdf7c,Scientiavore,occsheet:scientiavore,2,1,https://docs.google.com/spreadsheets/d/1CobCsBB-q7t8fOzROVqJguYX9QIKpWb4ccCmMib3CrI (OCC Results)
OCC 2020-06,Top 8,single elimination,Quarterfinal,2020-06-19T13:00:00Z,Rainzone77,occsheet:rainzone77,reafer,occsheet:reafer,2,0,https://docs.google.com/spreadsheets/d/1CobCsBB-q7t8fOzROVqJguYX9QIKpWb4ccCmMib3CrI (OCC Results)
OCC 2020-06,Top 8,single elimination,Quarterfinal,2020-06-19T13:00:00Z,Jking7,bf:564e7b5b80b8db4a00c4ff9c,MerliniX,occsheet:merlinix,2,1,https://docs.google.com/spreadsheets/d/1CobCsBB-q7t8fOzROVqJguYX9QIKpWb4ccCmMib3CrI (OCC Results)
OCC 2020-06,Top 8,single elimination,Quarterfinal,2020-06-19T13:00:00Z,BlueCCG,bf:5eb62f23aefaaf170fa23f33,Darkness,bf:5eb65df574f31a11dd226b38,2,1,https://docs.google.com/spreadsheets/d/1CobCsBB-q7t8fOzROVqJguYX9QIKpWb4ccCmMib3CrI (OCC Results)
OCC 2020-06,Top 8,single elimination,Semifinal,2020-06-19T14:00:00Z,AriBigBehn,bf:5ec99a6d5cb5d5345c7fdf7c,Rainzone77,occsheet:rainzone77,2,0,https://docs.google.com/spreadsheets/d/1CobCsBB-q7t8fOzROVqJguYX9QIKpWb4ccCmMib3CrI (OCC Results)
OCC 2020-06,Top 8,single elimination,Semifinal,2020-06-19T14:00:00Z,BlueCCG,bf:5eb62f23aefaaf170fa23f33,Jking7,bf:564e7b5b80b8db4a00c4ff9c,2,1,https://docs.google.com/spreadsheets/d/1CobCsBB-q7t8fOzROVqJguYX9QIKpWb4ccCmMib3CrI (OCC Results)
OCC 2020-06,Top 8,single elimination,3rd place,2020-06-19T15:00:00Z,Jking7,bf:564e7b5b80b8db4a00c4ff9c,Rainzone77,occsheet:rainzone77,2,0,https://docs.google.com/spreadsheets/d/1CobCsBB-q7t8fOzROVqJguYX9QIKpWb4ccCmMib3CrI (OCC Results)
OCC 2020-06,Top 8,single elimination,Final,2020-06-19T16:00:00Z,AriBigBehn,bf:5ec99a6d5cb5d5345c7fdf7c,BlueCCG,bf:5eb62f23aefaaf170fa23f33,3,2,https://docs.google.com/spreadsheets/d/1CobCsBB-q7t8fOzROVqJguYX9QIKpWb4ccCmMib3CrI (OCC Results)
OCC 2020-07,Top 8,single elimination,Quarterfinal,2020-07-19T13:00:00Z,Hubblebub,bf:5f101bc2eea71b24bc30c50e,Jking7,bf:564e7b5b80b8db4a00c4ff9c,2,1,https://docs.google.com/spreadsheets/d/1CobCsBB-q7t8fOzROVqJguYX9QIKpWb4ccCmMib3CrI (OCC Results)
OCC 2020-07,Top 8,single elimination,Quarterfinal,2020-07-19T13:00:00Z,Rainzone77,occsheet:rainzone77,shadowtp,occsheet:shadowtp,2,0,https://docs.google.com/spreadsheets/d/1CobCsBB-q7t8fOzROVqJguYX9QIKpWb4ccCmMib3CrI (OCC Results)
OCC 2020-07,Top 8,single elimination,Quarterfinal,2020-07-19T13:00:00Z,MerliniX,occsheet:merlinix,AriBigBehn,bf:5ec99a6d5cb5d5345c7fdf7c,2,0,https://docs.google.com/spreadsheets/d/1CobCsBB-q7t8fOzROVqJguYX9QIKpWb4ccCmMib3CrI (OCC Results)
OCC 2020-07,Top 8,single elimination,Quarterfinal,2020-07-19T13:00:00Z,BlueCCG,bf:5eb62f23aefaaf170fa23f33,Darkness,bf:5eb65df574f31a11dd226b38,2,0,https://docs.google.com/spreadsheets/d/1CobCsBB-q7t8fOzROVqJguYX9QIKpWb4ccCmMib3CrI (OCC Results)
OCC 2020-07,Top 8,single elimination,Semifinal,2020-07-19T14:00:00Z,Hubblebub,bf:5f101bc2eea71b24bc30c50e,Rainzone77,occsheet:rainzone77,2,1,https://docs.google.com/spreadsheets/d/1CobCsBB-q7t8fOzROVqJguYX9QIKpWb4ccCmMib3CrI (OCC Results)
OCC 2020-07,Top 8,single elimination,Semifinal,2020-07-19T14:00:00Z,BlueCCG,bf:5eb62f23aefaaf170fa23f33,MerliniX,occsheet:merlinix,2,0,https://docs.google.com/spreadsheets/d/1CobCsBB-q7t8fOzROVqJguYX9QIKpWb4ccCmMib3CrI (OCC Results)
OCC 2020-07,Top 8,single elimination,3rd place,2020-07-19T15:00:00Z,Rainzone77,occsheet:rainzone77,MerliniX,occsheet:merlinix,2,0,https://docs.google.com/spreadsheets/d/1CobCsBB-q7t8fOzROVqJguYX9QIKpWb4ccCmMib3CrI (OCC Results)
OCC 2020-07,Top 8,single elimination,Final,2020-07-19T16:00:00Z,BlueCCG,bf:5eb62f23aefaaf170fa23f33,Hubblebub,bf:5f101bc2eea71b24bc30c50e,3,1,https://docs.google.com/spreadsheets/d/1CobCsBB-q7t8fOzROVqJguYX9QIKpWb4ccCmMib3CrI (OCC Results)
OCC 2020-08,Top 8,single elimination,Quarterfinal,2020-08-19T13:00:00Z,Jking7,bf:564e7b5b80b8db4a00c4ff9c,Darkness,bf:5eb65df574f31a11dd226b38,2,1,https://docs.google.com/spreadsheets/d/1CobCsBB-q7t8fOzROVqJguYX9QIKpWb4ccCmMib3CrI (OCC Results)
OCC 2020-08,Top 8,single elimination,Quarterfinal,2020-08-19T13:00:00Z,BlueCCG,bf:5eb62f23aefaaf170fa23f33,Bye J,occsheet:byej,2,0,https://docs.google.com/spreadsheets/d/1CobCsBB-q7t8fOzROVqJguYX9QIKpWb4ccCmMib3CrI (OCC Results)
OCC 2020-08,Top 8,single elimination,Quarterfinal,2020-08-19T13:00:00Z,AriBigBehn,bf:5ec99a6d5cb5d5345c7fdf7c,wild_eyes,bf:5f0cd40c3087a65e039603f4,2,0,https://docs.google.com/spreadsheets/d/1CobCsBB-q7t8fOzROVqJguYX9QIKpWb4ccCmMib3CrI (OCC Results)
OCC 2020-08,Top 8,single elimination,Quarterfinal,2020-08-19T13:00:00Z,OCanadaBearO,occsheet:ocanadabearo,Titan,occsheet:titan,2,1,https://docs.google.com/spreadsheets/d/1CobCsBB-q7t8fOzROVqJguYX9QIKpWb4ccCmMib3CrI (OCC Results)
OCC 2020-08,Top 8,single elimination,Semifinal,2020-08-19T14:00:00Z,Jking7,bf:564e7b5b80b8db4a00c4ff9c,BlueCCG,bf:5eb62f23aefaaf170fa23f33,2,0,https://docs.google.com/spreadsheets/d/1CobCsBB-q7t8fOzROVqJguYX9QIKpWb4ccCmMib3CrI (OCC Results)
OCC 2020-08,Top 8,single elimination,Semifinal,2020-08-19T14:00:00Z,OCanadaBearO,occsheet:ocanadabearo,AriBigBehn,bf:5ec99a6d5cb5d5345c7fdf7c,2,1,https://docs.google.com/spreadsheets/d/1CobCsBB-q7t8fOzROVqJguYX9QIKpWb4ccCmMib3CrI (OCC Results)
OCC 2020-08,Top 8,single elimination,Final,2020-08-19T16:00:00Z,OCanadaBearO,occsheet:ocanadabearo,Jking7,bf:564e7b5b80b8db4a00c4ff9c,3,0,https://docs.google.com/spreadsheets/d/1CobCsBB-q7t8fOzROVqJguYX9QIKpWb4ccCmMib3CrI (OCC Results)
OCC 2020-09,Top 8,single elimination,Quarterfinal,2020-09-19T13:00:00Z,Jking7,bf:564e7b5b80b8db4a00c4ff9c,OCanadaBearO,occsheet:ocanadabearo,2,0,https://docs.google.com/spreadsheets/d/1CobCsBB-q7t8fOzROVqJguYX9QIKpWb4ccCmMib3CrI (OCC Results)
OCC 2020-09,Top 8,single elimination,Quarterfinal,2020-09-19T13:00:00Z,Huihui,bf:5fa3973bf8fc171ea9f68255,Michale-lele,occsheet:michalelele,2,1,https://docs.google.com/spreadsheets/d/1CobCsBB-q7t8fOzROVqJguYX9QIKpWb4ccCmMib3CrI (OCC Results)
OCC 2020-09,Top 8,single elimination,Quarterfinal,2020-09-19T13:00:00Z,BlueCCG,bf:5eb62f23aefaaf170fa23f33,Innocent Bubbles,bf:5ebd9402b92b28521a098ec8,2,0,https://docs.google.com/spreadsheets/d/1CobCsBB-q7t8fOzROVqJguYX9QIKpWb4ccCmMib3CrI (OCC Results)
OCC 2020-09,Top 8,single elimination,Quarterfinal,2020-09-19T13:00:00Z,Bye J,occsheet:byej,Darkness,bf:5eb65df574f31a11dd226b38,2,1,https://docs.google.com/spreadsheets/d/1CobCsBB-q7t8fOzROVqJguYX9QIKpWb4ccCmMib3CrI (OCC Results)
OCC 2020-09,Top 8,single elimination,Semifinal,2020-09-19T14:00:00Z,Huihui,bf:5fa3973bf8fc171ea9f68255,Jking7,bf:564e7b5b80b8db4a00c4ff9c,2,1,https://docs.google.com/spreadsheets/d/1CobCsBB-q7t8fOzROVqJguYX9QIKpWb4ccCmMib3CrI (OCC Results)
OCC 2020-09,Top 8,single elimination,Semifinal,2020-09-19T14:00:00Z,Bye J,occsheet:byej,BlueCCG,bf:5eb62f23aefaaf170fa23f33,2,0,https://docs.google.com/spreadsheets/d/1CobCsBB-q7t8fOzROVqJguYX9QIKpWb4ccCmMib3CrI (OCC Results)
OCC 2020-09,Top 8,single elimination,3rd place,2020-09-19T15:00:00Z,Jking7,bf:564e7b5b80b8db4a00c4ff9c,BlueCCG,bf:5eb62f23aefaaf170fa23f33,2,0,https://docs.google.com/spreadsheets/d/1CobCsBB-q7t8fOzROVqJguYX9QIKpWb4ccCmMib3CrI (OCC Results)
OCC 2020-09,Top 8,single elimination,Final,2020-09-19T16:00:00Z,Bye J,occsheet:byej,Huihui,bf:5fa3973bf8fc171ea9f68255,3,1,https://docs.google.com/spreadsheets/d/1CobCsBB-q7t8fOzROVqJguYX9QIKpWb4ccCmMib3CrI (OCC Results)
OCC 2020-10,Top 8,single elimination,Quarterfinal,2020-10-19T13:00:00Z,Jking7,bf:564e7b5b80b8db4a00c4ff9c,toDIEisGAIN,bf:5f0e37b37c5e104738aebbe3,2,0,https://docs.google.com/spreadsheets/d/1CobCsBB-q7t8fOzROVqJguYX9QIKpWb4ccCmMib3CrI (OCC Results)
OCC 2020-10,Top 8,single elimination,Quarterfinal,2020-10-19T13:00:00Z,Dreamer,occsheet:dreamer,Drogear,bf:5ebea2fd1eafc755976c161a,2,1,https://docs.google.com/spreadsheets/d/1CobCsBB-q7t8fOzROVqJguYX9QIKpWb4ccCmMib3CrI (OCC Results)
OCC 2020-10,Top 8,single elimination,Quarterfinal,2020-10-19T13:00:00Z,Huihui,bf:5fa3973bf8fc171ea9f68255,Diablo Zhang,occsheet:diablozhang,2,1,https://docs.google.com/spreadsheets/d/1CobCsBB-q7t8fOzROVqJguYX9QIKpWb4ccCmMib3CrI (OCC Results)
OCC 2020-10,Top 8,single elimination,Semifinal,2020-10-19T14:00:00Z,Jking7,bf:564e7b5b80b8db4a00c4ff9c,BlueCCG,bf:5eb62f23aefaaf170fa23f33,2,1,https://docs.google.com/spreadsheets/d/1CobCsBB-q7t8fOzROVqJguYX9QIKpWb4ccCmMib3CrI (OCC Results)
OCC 2020-10,Top 8,single elimination,Semifinal,2020-10-19T14:00:00Z,Dreamer,occsheet:dreamer,Huihui,bf:5fa3973bf8fc171ea9f68255,2,1,https://docs.google.com/spreadsheets/d/1CobCsBB-q7t8fOzROVqJguYX9QIKpWb4ccCmMib3CrI (OCC Results)
OCC 2020-10,Top 8,single elimination,3rd place,2020-10-19T15:00:00Z,BlueCCG,bf:5eb62f23aefaaf170fa23f33,Huihui,bf:5fa3973bf8fc171ea9f68255,2,0,https://docs.google.com/spreadsheets/d/1CobCsBB-q7t8fOzROVqJguYX9QIKpWb4ccCmMib3CrI (OCC Results)
OCC 2020-10,Top 8,single elimination,Final,2020-10-19T16:00:00Z,Jking7,bf:564e7b5b80b8db4a00c4ff9c,Dreamer,occsheet:dreamer,3,1,https://docs.google.com/spreadsheets/d/1CobCsBB-q7t8fOzROVqJguYX9QIKpWb4ccCmMib3CrI (OCC Results)
OCC 2020-11,Top 8,single elimination,Quarterfinal,2020-11-19T13:00:00Z,Jking7,bf:564e7b5b80b8db4a00c4ff9c,Saria,occsheet:saria,2,0,https://docs.google.com/spreadsheets/d/1CobCsBB-q7t8fOzROVqJguYX9QIKpWb4ccCmMib3CrI (OCC Results)
OCC 2020-11,Top 8,single elimination,Quarterfinal,2020-11-19T13:00:00Z,RafcKen7,bf:5f113e2cd04bae257fc195f6,AriBigBehn,bf:5ec99a6d5cb5d5345c7fdf7c,2,1,https://docs.google.com/spreadsheets/d/1CobCsBB-q7t8fOzROVqJguYX9QIKpWb4ccCmMib3CrI (OCC Results)
OCC 2020-11,Top 8,single elimination,Quarterfinal,2020-11-19T13:00:00Z,Darkness,bf:5eb65df574f31a11dd226b38,xyloser,bf:673f9c6789b5530023006e53,2,0,https://docs.google.com/spreadsheets/d/1CobCsBB-q7t8fOzROVqJguYX9QIKpWb4ccCmMib3CrI (OCC Results)
OCC 2020-11,Top 8,single elimination,Quarterfinal,2020-11-19T13:00:00Z,BlueCCG,bf:5eb62f23aefaaf170fa23f33,Petriachor,bf:5f32c6147bd80311ab78193f,2,1,https://docs.google.com/spreadsheets/d/1CobCsBB-q7t8fOzROVqJguYX9QIKpWb4ccCmMib3CrI (OCC Results)
OCC 2020-11,Top 8,single elimination,Semifinal,2020-11-19T14:00:00Z,Jking7,bf:564e7b5b80b8db4a00c4ff9c,RafcKen7,bf:5f113e2cd04bae257fc195f6,2,1,https://docs.google.com/spreadsheets/d/1CobCsBB-q7t8fOzROVqJguYX9QIKpWb4ccCmMib3CrI (OCC Results)
OCC 2020-11,Top 8,single elimination,Semifinal,2020-11-19T14:00:00Z,BlueCCG,bf:5eb62f23aefaaf170fa23f33,Darkness,bf:5eb65df574f31a11dd226b38,2,0,https://docs.google.com/spreadsheets/d/1CobCsBB-q7t8fOzROVqJguYX9QIKpWb4ccCmMib3CrI (OCC Results)
OCC 2020-11,Top 8,single elimination,3rd place,2020-11-19T15:00:00Z,Darkness,bf:5eb65df574f31a11dd226b38,RafcKen7,bf:5f113e2cd04bae257fc195f6,2,1,https://docs.google.com/spreadsheets/d/1CobCsBB-q7t8fOzROVqJguYX9QIKpWb4ccCmMib3CrI (OCC Results)
OCC 2020-11,Top 8,single elimination,Final,2020-11-19T16:00:00Z,Jking7,bf:564e7b5b80b8db4a00c4ff9c,BlueCCG,bf:5eb62f23aefaaf170fa23f33,3,2,https://docs.google.com/spreadsheets/d/1CobCsBB-q7t8fOzROVqJguYX9QIKpWb4ccCmMib3CrI (OCC Results)
OCC 2020-12,Top 8,single elimination,Quarterfinal,2020-12-19T13:00:00Z,ComTruise,bf:5fa5ede611743771ade94108,BlueCCG,bf:5eb62f23aefaaf170fa23f33,2,1,https://docs.google.com/spreadsheets/d/1CobCsBB-q7t8fOzROVqJguYX9QIKpWb4ccCmMib3CrI (OCC Results)
OCC 2020-12,Top 8,single elimination,Quarterfinal,2020-12-19T13:00:00Z,Huihui,bf:5fa3973bf8fc171ea9f68255,Darkness,bf:5eb65df574f31a11dd226b38,2,0,https://docs.google.com/spreadsheets/d/1CobCsBB-q7t8fOzROVqJguYX9QIKpWb4ccCmMib3CrI (OCC Results)
OCC 2020-12,Top 8,single elimination,Quarterfinal,2020-12-19T13:00:00Z,Tiger,bf:673f9e78237e35004096e4c6,Jking7,bf:564e7b5b80b8db4a00c4ff9c,2,0,https://docs.google.com/spreadsheets/d/1CobCsBB-q7t8fOzROVqJguYX9QIKpWb4ccCmMib3CrI (OCC Results)
OCC 2020-12,Top 8,single elimination,Quarterfinal,2020-12-19T13:00:00Z,Innocent Bubbles,bf:5ebd9402b92b28521a098ec8,charlin1805,ch:charlin1805,2,0,https://docs.google.com/spreadsheets/d/1CobCsBB-q7t8fOzROVqJguYX9QIKpWb4ccCmMib3CrI (OCC Results)
OCC 2020-12,Top 8,single elimination,Semifinal,2020-12-19T14:00:00Z,Huihui,bf:5fa3973bf8fc171ea9f68255,ComTruise,bf:5fa5ede611743771ade94108,2,1,https://docs.google.com/spreadsheets/d/1CobCsBB-q7t8fOzROVqJguYX9QIKpWb4ccCmMib3CrI (OCC Results)
OCC 2020-12,Top 8,single elimination,Semifinal,2020-12-19T14:00:00Z,Innocent Bubbles,bf:5ebd9402b92b28521a098ec8,Tiger,bf:673f9e78237e35004096e4c6,2,0,https://docs.google.com/spreadsheets/d/1CobCsBB-q7t8fOzROVqJguYX9QIKpWb4ccCmMib3CrI (OCC Results)
OCC 2020-12,Top 8,single elimination,3rd place,2020-12-19T15:00:00Z,ComTruise,bf:5fa5ede611743771ade94108,Tiger,bf:673f9e78237e35004096e4c6,2,1,https://docs.google.com/spreadsheets/d/1CobCsBB-q7t8fOzROVqJguYX9QIKpWb4ccCmMib3CrI (OCC Results)
OCC 2020-12,Top 8,single elimination,Final,2020-12-19T16:00:00Z,Huihui,bf:5fa3973bf8fc171ea9f68255,Innocent Bubbles,bf:5ebd9402b92b28521a098ec8,3,0,https://docs.google.com/spreadsheets/d/1CobCsBB-q7t8fOzROVqJguYX9QIKpWb4ccCmMib3CrI (OCC Results)
OCC 2021-01,Top 8,single elimination,Quarterfinal,2021-01-19T13:00:00Z,CCMS-031,bf:5fa62937c3c163598ec80783,Jking7,bf:564e7b5b80b8db4a00c4ff9c,2,1,https://docs.google.com/spreadsheets/d/1CobCsBB-q7t8fOzROVqJguYX9QIKpWb4ccCmMib3CrI (OCC Results)
OCC 2021-01,Top 8,single elimination,Quarterfinal,2021-01-19T13:00:00Z,Innocent Bubbles,bf:5ebd9402b92b28521a098ec8,Saria,occsheet:saria,2,0,https://docs.google.com/spreadsheets/d/1CobCsBB-q7t8fOzROVqJguYX9QIKpWb4ccCmMib3CrI (OCC Results)
OCC 2021-01,Top 8,single elimination,Quarterfinal,2021-01-19T13:00:00Z,AriBigBehn,bf:5ec99a6d5cb5d5345c7fdf7c,Huihui,bf:5fa3973bf8fc171ea9f68255,2,0,https://docs.google.com/spreadsheets/d/1CobCsBB-q7t8fOzROVqJguYX9QIKpWb4ccCmMib3CrI (OCC Results)
OCC 2021-01,Top 8,single elimination,Quarterfinal,2021-01-19T13:00:00Z,Berto Burrito,bf:5fa467df4eb3c2458669c29a,BlueCCG,bf:5eb62f23aefaaf170fa23f33,2,1,https://docs.google.com/spreadsheets/d/1CobCsBB-q7t8fOzROVqJguYX9QIKpWb4ccCmMib3CrI (OCC Results)
OCC 2021-01,Top 8,single elimination,Semifinal,2021-01-19T14:00:00Z,Innocent Bubbles,bf:5ebd9402b92b28521a098ec8,CCMS-031,bf:5fa62937c3c163598ec80783,2,0,https://docs.google.com/spreadsheets/d/1CobCsBB-q7t8fOzROVqJguYX9QIKpWb4ccCmMib3CrI (OCC Results)
OCC 2021-01,Top 8,single elimination,Semifinal,2021-01-19T14:00:00Z,AriBigBehn,bf:5ec99a6d5cb5d5345c7fdf7c,Berto Burrito,bf:5fa467df4eb3c2458669c29a,2,1,https://docs.google.com/spreadsheets/d/1CobCsBB-q7t8fOzROVqJguYX9QIKpWb4ccCmMib3CrI (OCC Results)
OCC 2021-01,Top 8,single elimination,3rd place,2021-01-19T15:00:00Z,CCMS-031,bf:5fa62937c3c163598ec80783,Berto Burrito,bf:5fa467df4eb3c2458669c29a,2,0,https://docs.google.com/spreadsheets/d/1CobCsBB-q7t8fOzROVqJguYX9QIKpWb4ccCmMib3CrI (OCC Results)
OCC 2021-01,Top 8,single elimination,Final,2021-01-19T16:00:00Z,AriBigBehn,bf:5ec99a6d5cb5d5345c7fdf7c,Innocent Bubbles,bf:5ebd9402b92b28521a098ec8,3,2,https://docs.google.com/spreadsheets/d/1CobCsBB-q7t8fOzROVqJguYX9QIKpWb4ccCmMib3CrI (OCC Results)
OCC 2021-02,Top 8,single elimination,Quarterfinal,2021-02-19T13:00:00Z,Jking7,bf:564e7b5b80b8db4a00c4ff9c,ComTruise,bf:5fa5ede611743771ade94108,2,0,https://docs.google.com/spreadsheets/d/1CobCsBB-q7t8fOzROVqJguYX9QIKpWb4ccCmMib3CrI (OCC Results)
OCC 2021-02,Top 8,single elimination,Quarterfinal,2021-02-19T13:00:00Z,Zilda,bf:60647b02521bb713377d6f5c,CaptainA,bf:57b5a7ffabd8181c0cfdf304,2,0,https://docs.google.com/spreadsheets/d/1CobCsBB-q7t8fOzROVqJguYX9QIKpWb4ccCmMib3CrI (OCC Results)
OCC 2021-02,Top 8,single elimination,Quarterfinal,2021-02-19T13:00:00Z,Berto Burrito,bf:5fa467df4eb3c2458669c29a,toDIEisGAIN,bf:5f0e37b37c5e104738aebbe3,2,0,https://docs.google.com/spreadsheets/d/1CobCsBB-q7t8fOzROVqJguYX9QIKpWb4ccCmMib3CrI (OCC Results)
OCC 2021-02,Top 8,single elimination,Quarterfinal,2021-02-19T13:00:00Z,Li Hi Feng,occsheet:lihifeng,AriBigBehn,bf:5ec99a6d5cb5d5345c7fdf7c,2,0,https://docs.google.com/spreadsheets/d/1CobCsBB-q7t8fOzROVqJguYX9QIKpWb4ccCmMib3CrI (OCC Results)
OCC 2021-02,Top 8,single elimination,Semifinal,2021-02-19T14:00:00Z,Jking7,bf:564e7b5b80b8db4a00c4ff9c,Zilda,bf:60647b02521bb713377d6f5c,2,1,https://docs.google.com/spreadsheets/d/1CobCsBB-q7t8fOzROVqJguYX9QIKpWb4ccCmMib3CrI (OCC Results)
OCC 2021-02,Top 8,single elimination,Semifinal,2021-02-19T14:00:00Z,Berto Burrito,bf:5fa467df4eb3c2458669c29a,Li Hi Feng,occsheet:lihifeng,2,0,https://docs.google.com/spreadsheets/d/1CobCsBB-q7t8fOzROVqJguYX9QIKpWb4ccCmMib3CrI (OCC Results)
OCC 2021-02,Top 8,single elimination,3rd place,2021-02-19T15:00:00Z,Li Hi Feng,occsheet:lihifeng,Zilda,bf:60647b02521bb713377d6f5c,2,1,https://docs.google.com/spreadsheets/d/1CobCsBB-q7t8fOzROVqJguYX9QIKpWb4ccCmMib3CrI (OCC Results)
OCC 2021-02,Top 8,single elimination,Final,2021-02-19T16:00:00Z,Berto Burrito,bf:5fa467df4eb3c2458669c29a,Jking7,bf:564e7b5b80b8db4a00c4ff9c,3,0,https://docs.google.com/spreadsheets/d/1CobCsBB-q7t8fOzROVqJguYX9QIKpWb4ccCmMib3CrI (OCC Results)
OCC 2021-03,Top 8,single elimination,Quarterfinal,2021-03-19T13:00:00Z,Innocent Bubbles,bf:5ebd9402b92b28521a098ec8,Jking7,bf:564e7b5b80b8db4a00c4ff9c,2,0,https://docs.google.com/spreadsheets/d/1CobCsBB-q7t8fOzROVqJguYX9QIKpWb4ccCmMib3CrI (OCC Results)
OCC 2021-03,Top 8,single elimination,Quarterfinal,2021-03-19T13:00:00Z,JamesJimRaynor,bf:601d72b8945ba61bbd9b6b3e,Huihui,bf:5fa3973bf8fc171ea9f68255,2,0,https://docs.google.com/spreadsheets/d/1CobCsBB-q7t8fOzROVqJguYX9QIKpWb4ccCmMib3CrI (OCC Results)
OCC 2021-03,Top 8,single elimination,Quarterfinal,2021-03-19T13:00:00Z,Berto Burrito,bf:5fa467df4eb3c2458669c29a,Darkness,bf:5eb65df574f31a11dd226b38,2,0,https://docs.google.com/spreadsheets/d/1CobCsBB-q7t8fOzROVqJguYX9QIKpWb4ccCmMib3CrI (OCC Results)
OCC 2021-03,Top 8,single elimination,Quarterfinal,2021-03-19T13:00:00Z,AriBigBehn,bf:5ec99a6d5cb5d5345c7fdf7c,Vinny,bf:5ec038e2256baa1d38011a05,2,1,https://docs.google.com/spreadsheets/d/1CobCsBB-q7t8fOzROVqJguYX9QIKpWb4ccCmMib3CrI (OCC Results)
OCC 2021-03,Top 8,single elimination,Semifinal,2021-03-19T14:00:00Z,JamesJimRaynor,bf:601d72b8945ba61bbd9b6b3e,Innocent Bubbles,bf:5ebd9402b92b28521a098ec8,2,1,https://docs.google.com/spreadsheets/d/1CobCsBB-q7t8fOzROVqJguYX9QIKpWb4ccCmMib3CrI (OCC Results)
OCC 2021-03,Top 8,single elimination,Semifinal,2021-03-19T14:00:00Z,Berto Burrito,bf:5fa467df4eb3c2458669c29a,AriBigBehn,bf:5ec99a6d5cb5d5345c7fdf7c,2,1,https://docs.google.com/spreadsheets/d/1CobCsBB-q7t8fOzROVqJguYX9QIKpWb4ccCmMib3CrI (OCC Results)
OCC 2021-03,Top 8,single elimination,3rd place,2021-03-19T15:00:00Z,AriBigBehn,bf:5ec99a6d5cb5d5345c7fdf7c,Innocent Bubbles,bf:5ebd9402b92b28521a098ec8,2,1,https://docs.google.com/spreadsheets/d/1CobCsBB-q7t8fOzROVqJguYX9QIKpWb4ccCmMib3CrI (OCC Results)
OCC 2021-03,Top 8,single elimination,Final,2021-03-19T16:00:00Z,Berto Burrito,bf:5fa467df4eb3c2458669c29a,JamesJimRaynor,bf:601d72b8945ba61bbd9b6b3e,3,0,https://docs.google.com/spreadsheets/d/1CobCsBB-q7t8fOzROVqJguYX9QIKpWb4ccCmMib3CrI (OCC Results)
OCC 2021-04,Top 8,single elimination,Quarterfinal,2021-04-19T13:00:00Z,Jking7,bf:564e7b5b80b8db4a00c4ff9c,Spooz,bf:5fa3da8e11743771ade92018,2,0,https://docs.google.com/spreadsheets/d/1CobCsBB-q7t8fOzROVqJguYX9QIKpWb4ccCmMib3CrI (OCC Results)
OCC 2021-04,Top 8,single elimination,Quarterfinal,2021-04-19T13:00:00Z,Tiger,bf:673f9e78237e35004096e4c6,ComTruise,bf:5fa5ede611743771ade94108,2,1,https://docs.google.com/spreadsheets/d/1CobCsBB-q7t8fOzROVqJguYX9QIKpWb4ccCmMib3CrI (OCC Results)
OCC 2021-04,Top 8,single elimination,Quarterfinal,2021-04-19T13:00:00Z,Huihui,bf:5fa3973bf8fc171ea9f68255,Berto Burrito,bf:5fa467df4eb3c2458669c29a,2,0,https://docs.google.com/spreadsheets/d/1CobCsBB-q7t8fOzROVqJguYX9QIKpWb4ccCmMib3CrI (OCC Results)
OCC 2021-04,Top 8,single elimination,Quarterfinal,2021-04-19T13:00:00Z,Cappuccino,sgg:2519403,JamesJimRaynor,bf:601d72b8945ba61bbd9b6b3e,2,1,https://docs.google.com/spreadsheets/d/1CobCsBB-q7t8fOzROVqJguYX9QIKpWb4ccCmMib3CrI (OCC Results)
OCC 2021-04,Top 8,single elimination,Semifinal,2021-04-19T14:00:00Z,Tiger,bf:673f9e78237e35004096e4c6,Jking7,bf:564e7b5b80b8db4a00c4ff9c,2,0,https://docs.google.com/spreadsheets/d/1CobCsBB-q7t8fOzROVqJguYX9QIKpWb4ccCmMib3CrI (OCC Results)
OCC 2021-04,Top 8,single elimination,Semifinal,2021-04-19T14:00:00Z,Huihui,bf:5fa3973bf8fc171ea9f68255,Cappuccino,sgg:2519403,2,0,https://docs.google.com/spreadsheets/d/1CobCsBB-q7t8fOzROVqJguYX9QIKpWb4ccCmMib3CrI (OCC Results)
OCC 2021-04,Top 8,single elimination,3rd place,2021-04-19T15:00:00Z,Cappuccino,sgg:2519403,Jking7,bf:564e7b5b80b8db4a00c4ff9c,2,1,https://docs.google.com/spreadsheets/d/1CobCsBB-q7t8fOzROVqJguYX9QIKpWb4ccCmMib3CrI (OCC Results)
OCC 2021-04,Top 8,single elimination,Final,2021-04-19T16:00:00Z,Huihui,bf:5fa3973bf8fc171ea9f68255,Tiger,bf:673f9e78237e35004096e4c6,3,1,https://docs.google.com/spreadsheets/d/1CobCsBB-q7t8fOzROVqJguYX9QIKpWb4ccCmMib3CrI (OCC Results)
OCC 2021-08,Top 8,single elimination,3rd place,2021-08-22T19:48:21Z,Cappuccino,sgg:2519403,Noein5,bf:673f9ae481b1a20036ec0786,3,2,https://docs.google.com/spreadsheets/d/1CobCsBB-q7t8fOzROVqJguYX9QIKpWb4ccCmMib3CrI (OCC Results)
OCC 2023-10,Top 8,single elimination,3rd place,2023-10-28T19:33:03Z,Head,bf:673f99d8a144d7002b2e28a0,Artemisia,sgg:2388207,3,2,https://docs.google.com/spreadsheets/d/1CobCsBB-q7t8fOzROVqJguYX9QIKpWb4ccCmMib3CrI (OCC Results)
