player_id,name,peak_score,peak_elo,peak_se,peak_date,peak_event,rank_then,results
bf:564e7b5b80b8db4a00c4ff9c,Jking7,1609.9,1644.8,34.9,2022-10-22,OCC 2022-10,1,183
bf:673f9eb0237e35004096e4ca,钟离梓,1582.9,1624.6,41.8,2022-06-18,OCC 2022-06,2,88
bf:5fa3973bf8fc171ea9f68255,辉辉呀,1565.6,1611.4,45.8,2021-08-22,OCC 2021-08,2,44
bf:673f9ae481b1a20036ec0786,Noein5,1562.9,1598.7,35.8,2022-09-17,OCC 2022-09,3,154
bf:673f9c6789b5530023006e53,xyloser,1559.9,1606.5,46.6,2023-01-28,OCC 2023-01,3,85
sgg:2519403,我开天王炸,1551.7,1598.8,47.1,2022-11-19,OCC 2022-11,5,37
bf:673f997c70390c0041722f8c,guorq123456,1546.4,1590.6,44.2,2023-09-16,OCC 2023-09,4,63
bf:673f9726a144d7002b2e2888,Bezio,1546.2,1581.9,35.7,2023-08-19,OCC 2023-08,4,107
bf:673f98f370390c0041722f81,Dr.Leo,1543.7,1591.8,48.1,2022-11-19,OCC 2022-11,6,57
bf:673f98c7237e35004096e4a4,dandelion882691,1539.0,1588.9,49.9,2024-03-12,OCC 2024-02,2,36
bf:5eb65df574f31a11dd226b38,Darkness,1536.8,1574.4,37.6,2021-10-18,OCC 2021-10,4,91
bf:5fa467df4eb3c2458669c29a,Berto Burrito,1535.4,1575.2,39.8,2022-10-22,OCC 2022-10,6,112
ch:作死的骡博,作死的骡博 (Radish),1533.9,1583.3,49.4,2025-10-26,Air Supremacy Expansion Tournament,1,36
ch:失其本心八幡,失其本心八幡 (Hachiman),1531.5,1579.3,47.8,2026-04-18,KARDS Spring Tournament 2026,1,39
ch:sie_,Sie_,1531.2,1575.8,44.7,2026-03-04,KARDS Winter Tournament 2026,1,58
sgg:2388207,百里蒿,1529.9,1572.7,42.8,2022-05-21,OCC 2022-05,6,64
bf:673f9bcd89b5530023006e4d,Spoker,1528.8,1572.5,43.7,2024-11-16,OCC 2024-11,3,73
bf:673f9cc689b5530023006e64,变成光守护阿梓公主,1526.8,1574.6,47.8,2023-05-20,OCC 2023-05,8,41
bf:5ec038e2256baa1d38011a05,Vinny,1523.8,1559.5,35.6,2023-03-19,Kards Open XV,10,155
bf:673f99e9a144d7002b2e28a4,hqt18,1521.6,1571.0,49.4,2025-02-22,Blood & Iron Expansion Tournament,1,42
bf:5fa62937c3c163598ec80783,CCMS-031,1516.1,1569.9,53.8,2021-11-21,OCC 2021-11,8,31
bf:5f362c8703dbcc11d58d78e3,Kolbasnik,1512.7,1552.6,39.9,2022-03-19,OCC 2022-03,10,82
bf:673f99d8a144d7002b2e28a0,Head,1509.9,1546.7,36.8,2023-03-18,OCC 2023-02,13,111
bf:5fb3184d9a9e750ea663e423,killswitch,1505.5,1540.8,35.2,2022-10-22,OCC 2022-10,15,134
bf:5bef1fd422a55803cb340a40,OHxCORNGUY,1503.2,1552.6,49.4,2023-08-19,OCC 2023-08,12,45
sgg:2621073,dian,1502.7,1551.3,48.5,2022-02-27,Kards Open X,12,36
sgg:2486589,孙笑川258,1497.3,1554.7,57.5,2021-11-21,OCC 2021-11,12,16
bf:673f9e78237e35004096e4c6,老虎不发猫,1497.0,1532.2,35.3,2023-01-19,OCC 2022-12,18,161
sgg:2917089,金轮会怎么做 (Jinlun),1497.0,1545.2,48.2,2023-05-03,OCC 2023-04,15,40
ch:evergardenxciv,EverGardenXCIV,1495.7,1546.0,50.3,2022-07-23,OCC 2022-07,14,28
ch:a15159675088,a15159675088,1495.3,1550.7,55.4,2021-10-18,OCC 2021-10,8,16
bf:673f9be589b5530023006e4f,Stanislav,1495.3,1545.1,49.8,2024-11-16,OCC 2024-11,9,54
sgg:2493663,FaiRNess,1492.1,1549.7,57.6,2021-11-21,OCC 2021-11,14,16
bf:673f99e1a144d7002b2e28a2,henry449856878,1492.0,1541.2,49.3,2024-11-16,OCC 2024-11,10,50
bf:673f9e64237e35004096e4c4,禁忌之门,1490.5,1534.2,43.7,2025-07-20,Naval Warfare Expansion Tournament,7,69
bf:5fa27e32f8fc171ea9f66940,cu元素收集大师,1487.8,1545.5,57.7,2021-11-21,OCC 2021-11,15,17
bf:673f9c032ea3530021c8da09,Thanatron,1483.5,1535.2,51.7,2023-10-28,OCC 2023-10,18,40
bf:673f95f8744fee00353bc808,66better,1482.8,1524.1,41.3,2024-03-30,OCC 2024-03,16,92
ch:UwU_moi,UwU_Moi,1482.3,1532.9,50.6,2023-03-18,OCC 2023-02,22,23
sgg:2924951,AndYetItMoves,1481.3,1541.2,59.9,2024-01-27,OCC 2024-01,17,13
bf:5fb1e014eb92fe0475439152,TB273,1481.2,1526.3,45.1,2023-09-16,OCC 2023-09,18,59
sgg:2930602,Piłsudski,1481.1,1527.3,46.2,2022-09-17,OCC 2022-09,22,39
bf:5fa27bfdf8fc171ea9f66924,CalinBZ,1478.5,1537.0,58.5,2024-11-16,OCC 2024-11,15,46
bf:673f9ced89b5530023006e66,赫宝赫宝我爱你,1478.4,1529.0,50.6,2024-10-19,OCC 2024-10,14,32
sgg:2494008,Viebator,1477.8,1531.0,53.2,2021-11-21,OCC 2021-11,18,20
bf:5f109d917a5f692572240090,John_Px,1477.0,1519.0,42.0,2021-09-07,Kards Open VIII,9,63
sgg:2483698,ZhanYun,1476.6,1535.4,58.8,2022-10-22,OCC 2022-10,24,16
bf:5ec99a6d5cb5d5345c7fdf7c,AriBigBehn,1475.4,1518.6,43.2,2021-06-27,KARDS Open VII,6,68
sgg:2499155,Cyril Morrigane,1475.1,1529.6,54.5,2021-11-21,OCC 2021-11,19,19
bf:5ebd9402b92b28521a098ec8,Innocent Bubbles,1475.0,1520.9,45.9,2022-02-27,Kards Open X,21,69
bf:673f964570390c0041722f72,bamboo,1474.9,1523.2,48.3,2022-11-19,OCC 2022-11,26,51
sgg:2486950,9tribez,1473.6,1529.2,55.6,2021-10-18,OCC 2021-10,12,18
sgg:2483808,ApeGo,1473.0,1532.3,59.3,2023-10-28,OCC 2023-10,23,17
bf:60647b02521bb713377d6f5c,Zilda,1472.7,1519.9,47.2,2021-11-21,OCC 2021-11,22,37
bf:673f9c4181b1a20036ec0796,Twi Dcargo,1472.3,1524.1,51.8,2025-04-27,United Front Expansion Tournament,14,26
bf:5eb62f23aefaaf170fa23f33,BlueCCG,1470.8,1516.8,46.0,2021-12-19,OCC 2021-12,24,53
sgg:2485067,敦刻尔克没有白色,1470.4,1527.9,57.4,2021-11-21,OCC 2021-11,24,10
ch:2598252160,2598252160,1469.7,1520.3,50.6,2026-04-18,KARDS Spring Tournament 2026,7,36
ch:梓阳啊,梓阳啊 (Ziyang),1464.5,1518.3,53.8,2023-06-18,OCC 2023-06,28,13
ch:syswdsr,syswdsr,1464.0,1516.4,52.3,2025-07-20,Naval Warfare Expansion Tournament,15,26
bf:5fa5ede611743771ade94108,ComTruise,1463.9,1514.7,50.8,2021-10-18,OCC 2021-10,17,32
sgg:2706665,Emil,1463.7,1515.4,51.7,2022-10-22,OCC 2022-10,29,23
ch:下北泽臭小子,青柠梦,1463.6,1518.2,54.5,2024-09-28,OCC 2024-09,21,27
ch:chaos,Chaos,1463.1,1516.9,53.8,2023-11-18,OCC 2023-11,28,14
bf:57101bc80b3b0f8312f27ec5,Socialist,1463.1,1516.9,53.7,2023-11-05,OCC Ultimate III,28,25
sgg:2616063,baron von glower,1462.5,1503.3,40.7,2023-07-15,OCC 2023-07,29,83
ch:圆寂都察院,圆寂都察院 (Godyuan),1462.1,1512.2,50.0,2023-11-05,OCC Ultimate III,30,32
ch:七海千秋,七海千秋,1460.1,1505.3,45.2,2023-12-03,KARDS World Championship 2023,33,61
sgg:2498370,Garf ABC Albert,1460.0,1519.6,59.6,2022-04-23,OCC 2022-04,29,13
ch:hojoto,旮旯给木高手,1459.9,1512.6,52.7,2026-08-11,KARDS Summer Tournament 2026,10,25
bf:60509713496ba24d0604cc08,TreePipit,1459.4,1507.5,48.0,2024-11-16,OCC 2024-11,25,96
ch:卡牌的力量,卡牌的力量 (card),1458.2,1513.3,55.1,2026-08-11,KARDS Summer Tournament 2026,13,16
ch:椎名ましろ,椎名ましろ,1457.3,1511.1,53.7,2026-03-04,KARDS Winter Tournament 2026,16,23
ch:zds,ZDS,1456.9,1511.6,54.7,2022-07-23,OCC 2022-07,30,16
bf:5fa2011d11743771ade90dee,gabo,1454.3,1505.8,51.4,2021-06-19,OCC 2021-06,12,25
bf:607823b0c75b3f32bc89dbca,WhiteEagle_,1454.3,1513.2,58.9,2021-11-21,OCC 2021-11,28,11
ch:算什么男人,算什么男人,1453.6,1511.1,57.6,2022-04-23,OCC 2022-04,32,10
sgg:2488448,装甲航空驱逐舰大凤,1453.3,1508.6,55.3,2021-11-21,OCC 2021-11,29,17
bf:673f9930237e35004096e4ad,Gat0,1453.2,1502.3,49.1,2022-01-22,OCC 2022-01,29,42
sgg:2801104,Chistyi,1453.0,1508.3,55.3,2022-11-19,OCC 2022-11,37,16
ch:虚竹太岁,虚竹太岁,1453.0,1509.5,56.5,2024-03-30,OCC 2024-03,36,13
ch:0.0,0.0,1450.4,1508.7,58.3,2023-10-28,OCC 2023-10,41,11
ch:万仇甜瓜,万仇甜瓜,1449.7,1505.6,55.9,2022-06-18,OCC 2022-06,35,12
ch:煎饼1,煎饼1,1449.5,1506.9,57.4,2025-12-21,KARDS World Championship 2025,23,20
ch:说的道理,说的道理,1449.2,1506.7,57.5,2026-08-11,KARDS Summer Tournament 2026,19,16
bf:5f0cd40c3087a65e039603f4,wild_eyes,1448.6,1496.6,48.0,2021-10-18,OCC 2021-10,18,43
bf:5fb02943698db1048d26b9cd,Bison,1447.5,1495.7,48.2,2021-11-21,OCC 2021-11,30,45
bf:673f9813a144d7002b2e288d,Counting Stars,1444.9,1506.7,61.8,2024-12-16,KARDS World Championship 2024,38,15
bf:673f9c8c2ea3530021c8da11,不是空心神,1444.8,1492.3,47.4,2025-07-20,Naval Warfare Expansion Tournament,31,52
sgg:2803542,kumashin76,1443.8,1493.7,49.9,2022-06-18,OCC 2022-06,39,31
bf:5fbe8c402dc8793ada8519d5,Der_Admiral,1443.1,1500.9,57.8,2023-10-28,OCC 2023-10,47,15
sgg:2917562,General Ganja,1443.0,1500.4,57.4,2023-08-19,OCC 2023-08,45,15
bf:57b5a7ffabd8181c0cfdf304,CaptainA,1442.7,1498.9,56.1,2023-10-28,OCC 2023-10,49,46
ch:二月叶,二月叶,1441.9,1501.0,59.1,2023-10-28,OCC 2023-10,51,10
bf:673f95ef237e35004096e492,[CN]lgyouch,1441.6,1508.8,67.1,2024-11-16,OCC 2024-11,44,12
sgg:2483500,charlin1805,1440.7,1494.5,53.8,2021-11-21,OCC 2021-11,33,23
ch:pytorch,pytorch,1440.7,1496.2,55.5,2023-10-28,OCC 2023-10,54,19
sgg:2494716,gotoh,1440.4,1499.9,59.5,2021-11-21,OCC 2021-11,34,10
bf:673f9a0970390c0041722f91,Intradiction,1440.3,1500.9,60.6,2024-12-16,KARDS World Championship 2024,47,12
bf:5a4d98c332953903641106de,freddie,1440.1,1486.9,46.8,2023-04-14,OCC 2023-03,50,45
bf:673f996f70390c0041722f8a,guest,1439.1,1497.6,58.5,2025-04-27,United Front Expansion Tournament,47,13
bf:601d72b8945ba61bbd9b6b3e,JamesJimRaynor,1438.9,1492.0,53.1,2021-06-19,OCC 2021-06,14,19
bf:5f0e37b37c5e104738aebbe3,toDIEisGAIN,1438.9,1486.6,47.7,2021-10-18,OCC 2021-10,21,39
bf:673f9c552ea3530021c8da0d,winnerwillwin,1438.4,1493.9,55.4,2024-12-16,KARDS World Championship 2024,51,21
bf:5c4d3b7150078403fe2d5308,龍槍雷斯林,1437.7,1505.0,67.3,2024-11-16,OCC 2024-11,53,11
ch:eszemteszem,eszemteszem,1436.7,1482.3,45.6,2023-06-18,OCC 2023-06,56,58
bf:5d4eae596c2b2139a67ce680,herr_punpun,1436.2,1496.1,59.9,2022-11-19,OCC 2022-11,54,15
ch:cianeled,cianeled,1436.2,1494.2,58.0,2026-08-22,KARDS Fall Tournament 2026,37,13
bf:5fbef0d92dc8793ada8527a5,嘤嘤嘤 (Ying),1435.2,1492.5,57.4,2023-06-18,OCC 2023-06,59,14
bf:5fa57306cc28b3594394b946,Liszt,1434.7,1488.9,54.1,2023-10-28,OCC 2023-10,68,53
ch:adorable_hunter,Adorable_Hunter,1434.2,1493.0,58.8,2024-06-29,OCC 2024-06,66,14
bf:602d5acba74cc17c31b7d9af,Nyarlathotep,1430.9,1498.1,67.2,2024-04-27,OCC 2024-04,80,15
bf:5ebea2fd1eafc755976c161a,Drogear,1430.8,1492.0,61.1,2023-10-28,OCC 2023-10,77,28
ch:顶级大厨,顶级大厨,1430.7,1497.9,67.2,2026-08-11,KARDS Summer Tournament 2026,92,12
ch:choas,choas,1430.5,1499.4,68.9,2026-08-22,KARDS Fall Tournament 2026,102,12
bf:5fa31ac6f8fc171ea9f67c43,hayes,1430.5,1499.5,69.0,2026-08-11,KARDS Summer Tournament 2026,98,15
sgg:2351757,芥末~,1430.4,1499.7,69.3,2026-08-22,KARDS Fall Tournament 2026,104,21
bf:5f32f48419fcf2666b2abff1,kowalski,1430.3,1499.7,69.4,2026-08-22,KARDS Fall Tournament 2026,108,11
sgg:2483739,softcore gamer,1430.3,1499.6,69.4,2026-08-22,KARDS Fall Tournament 2026,107,14
bf:603cfe1ab328151e11b92549,buzzAldrin,1430.3,1499.7,69.4,2026-08-22,KARDS Fall Tournament 2026,110,10
bf:5fbeb056698db1048d27b5bd,Stuie,1430.3,1499.6,69.4,2026-08-22,KARDS Fall Tournament 2026,109,12
bf:5f113e2cd04bae257fc195f6,RafcKen7,1430.2,1499.5,69.3,2026-08-22,KARDS Fall Tournament 2026,111,22
sgg:2483756,天狗Vincent,1430.2,1499.6,69.4,2026-08-22,KARDS Fall Tournament 2026,113,11
bf:5fa3da8e11743771ade92018,Spooz,1430.2,1499.5,69.3,2026-08-22,KARDS Fall Tournament 2026,112,17
sgg:2493529,SChickEN,1430.1,1499.4,69.3,2026-08-22,KARDS Fall Tournament 2026,115,13
bf:5fb7473c502b9e587d1becbe,ILoveMooncake,1430.0,1499.3,69.3,2026-08-22,KARDS Fall Tournament 2026,117,19
sgg:3091901,Rock-n-Roll,1430.0,1499.0,69.0,2026-08-22,KARDS Fall Tournament 2026,116,10
sgg:2494770,Dietrih,1429.9,1499.2,69.4,2026-08-22,KARDS Fall Tournament 2026,119,12
bf:673f98fb70390c0041722f84,Echidna,1429.8,1497.4,67.6,2026-08-22,KARDS Fall Tournament 2026,121,12
bf:5fa5397c241d875936d2c2f2,Vadim,1429.7,1498.8,69.1,2026-08-22,KARDS Fall Tournament 2026,122,30
sgg:2498198,Casti,1429.6,1498.5,68.9,2026-08-22,KARDS Fall Tournament 2026,123,15
bf:5f3fc42472caf64e0f2b589c,Shiva's,1429.5,1498.7,69.2,2026-08-22,KARDS Fall Tournament 2026,125,16
bf:5f0df84e824086475be264b7,Terror_de,1429.3,1497.6,68.3,2026-08-22,KARDS Fall Tournament 2026,126,13
ch:rrrita,RRRita,1429.1,1498.4,69.3,2026-08-22,KARDS Fall Tournament 2026,127,11
sgg:3076346,冲矢猫,1429.1,1496.6,67.5,2026-08-22,KARDS Fall Tournament 2026,128,15
bf:673f97e4a144d7002b2e288b,citrus,1428.8,1497.0,68.2,2026-08-22,KARDS Fall Tournament 2026,131,17
ch:gragon123,Gragon123,1428.7,1497.0,68.3,2026-08-22,KARDS Fall Tournament 2026,133,17
bf:6070a8022fd5451122c65ae8,apara,1428.7,1497.0,68.4,2026-08-22,KARDS Fall Tournament 2026,132,20
ch:yaoliu,YaoLiu,1428.6,1497.1,68.5,2026-08-22,KARDS Fall Tournament 2026,135,13
bf:673f97d94a0be0002cae45de,ChaoticPo1soN,1428.6,1496.5,67.8,2026-08-22,KARDS Fall Tournament 2026,134,12
bf:673f9bee81b1a20036ec0792,Takao,1428.4,1493.1,64.7,2026-08-22,KARDS Fall Tournament 2026,138,27
sgg:3077324,TEME,1428.3,1497.3,68.9,2026-08-22,KARDS Fall Tournament 2026,140,11
bf:5fbfb60f1632970e916c6544,rayson366458,1428.3,1496.5,68.1,2026-08-22,KARDS Fall Tournament 2026,141,15
ch:leps,leps,1428.2,1496.4,68.3,2026-08-22,KARDS Fall Tournament 2026,142,17
bf:5b38c676cbd82c03a4f28e8f,doge34,1428.1,1496.5,68.4,2026-08-22,KARDS Fall Tournament 2026,143,16
ch:拉菲艾拉,拉菲艾拉,1428.0,1483.9,55.9,2026-03-04,KARDS Winter Tournament 2026,125,23
ch:竹将军,竹将军,1427.5,1486.6,59.1,2026-08-22,KARDS Fall Tournament 2026,144,10
ch:一方,一方,1427.3,1490.3,63.0,2026-08-22,KARDS Fall Tournament 2026,145,23
ch:dchukov,dchukov,1427.2,1496.0,68.8,2026-08-22,KARDS Fall Tournament 2026,146,10
bf:673f9a2770390c0041722f93,Joshua,1427.0,1495.2,68.1,2026-08-22,KARDS Fall Tournament 2026,147,10
bf:673f9b382ea3530021c8d9fd,Rara88,1426.8,1494.8,68.0,2026-08-22,KARDS Fall Tournament 2026,148,18
ch:懿凌,懿凌,1426.8,1495.8,69.0,2026-08-22,KARDS Fall Tournament 2026,149,10
bf:5f32c6147bd80311ab78193f,petriachor,1426.5,1494.4,67.8,2026-08-22,KARDS Fall Tournament 2026,150,28
ch:ghost,Ghost,1426.5,1495.2,68.7,2026-08-22,KARDS Fall Tournament 2026,151,13
bf:673f9bc489b5530023006e4b,Spellbreaker,1426.4,1492.9,66.5,2026-08-22,KARDS Fall Tournament 2026,152,15
ch:玉林捕狗大队长,玉林捕狗大队长,1426.0,1494.5,68.4,2026-08-22,KARDS Fall Tournament 2026,153,10
bf:673f9e2f237e35004096e4c2,水下玩家,1425.8,1493.1,67.3,2026-08-22,KARDS Fall Tournament 2026,154,12
bf:673f9a8d89b5530023006e39,Langweiling,1425.4,1492.8,67.3,2026-08-22,KARDS Fall Tournament 2026,155,10
bf:5fb42443a2fd346547530b2e,RED SUN,1425.2,1491.0,65.7,2026-08-22,KARDS Fall Tournament 2026,156,61
ch:风尾二胡,风尾二胡 (Kazao),1425.2,1493.5,68.3,2026-08-22,KARDS Fall Tournament 2026,157,11
ch:爱欣欣欣欣,爱欣欣欣欣,1424.8,1479.3,54.5,2025-10-26,Air Supremacy Expansion Tournament,137,26
bf:673f9ac72ea3530021c8d9f2,nadoka,1424.0,1491.2,67.2,2026-08-22,KARDS Fall Tournament 2026,158,17
ch:70714,70714,1423.8,1483.8,60.0,2026-08-22,KARDS Fall Tournament 2026,159,12
bf:673f9b982ea3530021c8da03,Sean,1423.5,1491.2,67.7,2026-08-22,KARDS Fall Tournament 2026,160,13
bf:673f9d032ea3530021c8da15,孤独的时间旅客,1422.5,1489.4,66.9,2026-08-22,KARDS Fall Tournament 2026,161,13
ch:dhhcofn,Dhhcofn,1421.7,1480.3,58.7,2026-08-22,KARDS Fall Tournament 2026,162,12
bf:673f9e48744fee00353bc834,游戏就是现实哪,1419.3,1486.1,66.8,2026-08-22,KARDS Fall Tournament 2026,167,10
bf:673f990470390c0041722f86,Egoroff,1418.3,1474.4,56.1,2026-04-18,KARDS Spring Tournament 2026,160,25
ch:sob-liu,SOB-liu,1418.2,1477.3,59.1,2026-08-22,KARDS Fall Tournament 2026,168,10
ch:不要偷袭我的珍珠港哟,不要偷袭我的珍珠港哟,1417.5,1484.6,67.1,2026-08-22,KARDS Fall Tournament 2026,169,13
bf:673f9ca92ea3530021c8da13,原子吐息,1416.1,1473.9,57.7,2026-03-04,KARDS Winter Tournament 2026,159,19
bf:673f9925237e35004096e4ab,freelikai,1414.7,1478.8,64.1,2026-08-22,KARDS Fall Tournament 2026,171,20
ch:yuehaiting-secretary,Yuehaiting-secretary,1409.3,1467.5,58.2,2026-08-22,KARDS Fall Tournament 2026,173,14
bf:673f9e86744fee00353bc83c,至死方休,1407.1,1457.6,50.4,2025-07-20,Naval Warfare Expansion Tournament,158,36
ch:e我不到啊,e我不到啊,1403.7,1463.6,60.0,2026-08-22,KARDS Fall Tournament 2026,174,10
ch:落寒尘,落寒尘,1402.9,1467.1,64.2,2026-08-22,KARDS Fall Tournament 2026,175,16
ch:基准线,基准线,1402.4,1463.3,60.9,2026-08-22,KARDS Fall Tournament 2026,176,12
ch:akgz,akgz,1398.0,1452.3,54.3,2026-04-18,KARDS Spring Tournament 2026,168,17
