player_id,name,aliases,accounts
sgg:2386070,,,sgg:2386070
sgg:2922940,#3346???,#3346???,sgg:2922940
bf:60953c50980c9b122a48e011,#magnetto_man,#magnetto_man,bf:60953c50980c9b122a48e011
bf:60a543cc9c13276cd6914076,#MrEcho,#MrEcho,bf:60a543cc9c13276cd6914076
bf:60687eb5eea041235d6db8aa,#nini,#nini,bf:60687eb5eea041235d6db8aa
bf:6064975b99c79405c943b28f,#romano737,#romano737,bf:6064975b99c79405c943b28f
bf:60b2450639bdbb113a68b017,*UBI_ghost,*UBI_ghost,bf:60b2450639bdbb113a68b017
bf:601d4daaa3a63111ba7f6ad7,0331,0331,bf:601d4daaa3a63111ba7f6ad7
sgg:2409441,0944,0944,sgg:2409441
bf:5f318206a8e6c511a449d179,0CanadaBear0,0CanadaBear0,bf:5f318206a8e6c511a449d179
sgg:2504205,1,1,sgg:2504205
bf:544fd1e1a3aee26f0b100edb,121,121,bf:544fd1e1a3aee26f0b100edb
bf:5fbf30a2a447ab4bb37e1b38,1330775381,1330775381,bf:5fbf30a2a447ab4bb37e1b38
bf:5fbfa75c0f21e57963853e73,2057458491@qq.com,2057458491@qq.com,bf:5fbfa75c0f21e57963853e73
bf:602d56c8a74cc17c31b7d95d,2tbrandon,2tbrandon,bf:602d56c8a74cc17c31b7d95d
bf:5fb43070a2fd346547530c21,[14e]tuveuxdugateaux,[14e]Tuveuxdugateaux / [14e]tuveuxdugateaux,bf:5fb43070a2fd346547530c21
bf:5ebd8cafb3bec004beff6eff,[AAA] Caps04,[AAA] Caps04,bf:5ebd8cafb3bec004beff6eff
bf:56ed79634fdf9b7e1224dddc,[DB] Praetorian,[DB] Praetorian,bf:56ed79634fdf9b7e1224dddc
bf:5f17ef0fcfac0e373c6190c4,[REDi]1R COL ANZAC_Ace,[REDi]1R COL ANZAC_Ace,bf:5f17ef0fcfac0e373c6190c4
bf:5a58cabb82c7de043a3c289b,[TNT] marvin_the_imp,[TNT] marvin_the_imp,bf:5a58cabb82c7de043a3c289b
bf:5fb0d42e9a9e750ea663c3fc,[V_M]_MorS_{B},[V_M]_MorS_{B},bf:5fb0d42e9a9e750ea663c3fc
bf:5f318c62af063111a36cedab,aa,aa,bf:5f318c62af063111a36cedab
bf:5f3bcb62c190e3296d7a2cd2,abandon,abandon,bf:5f3bcb62c190e3296d7a2cd2
bf:602bf7e108d6c576f70885be,ACE YUR FACE,ACE YUR FACE,bf:602bf7e108d6c576f70885be
bf:60512d0b3ae2c317e32bcf66,Ace29,Ace29,bf:60512d0b3ae2c317e32bcf66
bf:5f15827677697711a235e95c,ACOG,ACOG,bf:5f15827677697711a235e95c
sgg:2629235,Adrian,Adrian,sgg:2629235
bf:601c9026bf58cf5f54a82622,adriano.rln2,adriano.rln2,bf:601c9026bf58cf5f54a82622
bf:5ec44a4894993372f10699b1,Adrián7,Adrián7,bf:5ec44a4894993372f10699b1
sgg:2801113,Advance,Advance,sgg:2801113
bf:601e60c914499975b676db49,Agasfer88,Agasfer88,bf:601e60c914499975b676db49
bf:5fc2123f8ae4c5551e8b0129,Agent007,Agent007,bf:5fc2123f8ae4c5551e8b0129
bf:5f0cbd1969a363414a64af57,agent_182,agent_182,bf:5f0cbd1969a363414a64af57
bf:5fc21ebcb0ef7749130e6b81,Agumonster,Agumonster,bf:5fc21ebcb0ef7749130e6b81
bf:5f37cf6b6ce6de28d63de407,Ailoyros,Ailoyros,bf:5f37cf6b6ce6de28d63de407
sgg:2800429,Air,Air,sgg:2800429
bf:5fb110bd698db1048d26c5f6,Aksara,Aksara,bf:5fb110bd698db1048d26c5f6
bf:5f32e74430b92e118dbc4866,alan1957,alan1957,bf:5f32e74430b92e118dbc4866
sgg:2712705,albertaenterprises,albertaenterprises,sgg:2712705
bf:5f3aef3e6ce6de28d63e3425,Alexandre,Alexandre,bf:5f3aef3e6ce6de28d63e3425
bf:5faffa8a502b9e587d1b7c3e,"Alexandre ""Mainovski"" Mainaud","Alexandre ""Mainovski"" Mainaud / Plasma Mate",bf:5faffa8a502b9e587d1b7c3e
bf:60cb2622543cd91a5d5945a2,Alexandru1000sd,Alexandru1000sd,bf:60cb2622543cd91a5d5945a2
bf:5ec021ae0f25781e0b5f5f43,AlexRises,AlexRises,bf:5ec021ae0f25781e0b5f5f43
bf:601aface2eb6151da1f9651f,Amarok,Amarok,bf:601aface2eb6151da1f9651f
bf:5fbf81d4698db1048d27bf78,Andrewkaiyan,Andrewkaiyan,bf:5fbf81d4698db1048d27bf78
sgg:2924951,AndYetItMoves,AndYetItMoves,sgg:2924951
bf:5fbf97cfb0ef7749130e4e94,AndyNing,AndyNing,bf:5fbf97cfb0ef7749130e4e94
bf:5fb026c1502b9e587d1b838d,Anklestina,Anklestina,bf:5fb026c1502b9e587d1b838d
bf:5fb035bf502b9e587d1b8643,Annki,Annki,bf:5fb035bf502b9e587d1b8643
bf:6050d9c1d164f74b8e7830c0,AnTeallach,AnTeallach,bf:6050d9c1d164f74b8e7830c0
bf:5fbe8ae05d320863b86f032c,Anto,Anto,bf:5fbe8ae05d320863b86f032c
bf:6070a8022fd5451122c65ae8,apara,apara,bf:6070a8022fd5451122c65ae8 sgg:2387078
bf:5ec99a6d5cb5d5345c7fdf7c,AriBigBehn,AriBigBehn,bf:5ec99a6d5cb5d5345c7fdf7c sgg:2373035
bf:5fb010199a9e750ea663b1d1,Arizonakid,Arizonakid,bf:5fb010199a9e750ea663b1d1
bf:601c52cb2eb6151da1f96ccf,Asarnil,Asarnil,bf:601c52cb2eb6151da1f96ccf
bf:6095dfafbc14c611ca7d00f8,asdron777,asdron777,bf:6095dfafbc14c611ca7d00f8
bf:5eb57d1601b7fd0fe0488f0f,Astral,Astral,bf:5eb57d1601b7fd0fe0488f0f
sgg:2640557,astrobooey,astrobooey,sgg:2640557
sgg:2616143,Austerlitz,Austerlitz,sgg:2616143
bf:601ddad214499975b676d714,Autisticles,Autisticles,bf:601ddad214499975b676d714
bf:5fa2928f11743771ade9128e,Ax,Ax,bf:5fa2928f11743771ade9128e
bf:5fbf28984d01f9313d135d0f,Ayako,Ayako,bf:5fbf28984d01f9313d135d0f
bf:5fc13108a447ab4bb37e2e33,Az4zel,Az4zel,bf:5fc13108a447ab4bb37e2e33 sgg:2366139
bf:5f0e67fdf26046593189c71c,B_O_R_U_T_O_1,B_O_R_U_T_O_1,bf:5f0e67fdf26046593189c71c
bf:6043da6f1fe61e118d92889d,babygiraffe,babygiraffe,bf:6043da6f1fe61e118d92889d
sgg:2630828,Bad Wulf,Bad Wulf,sgg:2630828
bf:5fc1dd90043fd20cdf90e83e,BADmuji,BADmuji,bf:5fc1dd90043fd20cdf90e83e
bf:5ec4df5bde56fb470634c5fa,barboza,barboza,bf:5ec4df5bde56fb470634c5fa
bf:5f140c57341d821185ca56df,BarndoorRoge,BarndoorRoge / barndoorroge,bf:5f140c57341d821185ca56df
sgg:2616063,Baron Von Glower,Baron Von Glower,sgg:2616063
bf:5fb1316c502b9e587d1b95e6,Bartkopolus123,Bartkopolus123,bf:5fb1316c502b9e587d1b95e6
bf:5f3d1e45c190e3296d7a4aa5,Barton,Barton,bf:5f3d1e45c190e3296d7a4aa5
bf:57a1697c8c3386280ca04b34,batis,batis,bf:57a1697c8c3386280ca04b34
bf:6064c336521bb713377d7223,Bazsi500,Bazsi500,bf:6064c336521bb713377d7223
sgg:2407266,BEATWELL,BEATWELL,sgg:2407266
bf:5fb1cbe45caa4f5e4bc81377,Beefy 109,Beefy 109,bf:5fb1cbe45caa4f5e4bc81377
bf:5f12273babfcb016362ad1d0,beeman,beeman,bf:5f12273babfcb016362ad1d0
bf:5f13f8f0381ccb11abfed78c,Behemothus,Behemothus,bf:5f13f8f0381ccb11abfed78c
bf:5f0de85b7c5e104738aeb5a8,benc,benc,bf:5f0de85b7c5e104738aeb5a8
bf:5fb97cee0c24381d904b5447,bengui,bengui,bf:5fb97cee0c24381d904b5447
bf:5a8879b76c3ac00358830d7c,Benji,Benji / The Possibility,bf:5a8879b76c3ac00358830d7c bf:5fbe28731632970e916c51a4
bf:60677695fe869e359192e820,benny,benny,bf:60677695fe869e359192e820
bf:5f1b48d1abfcb016362ba48e,Berni de Balle,Berni de Balle,bf:5f1b48d1abfcb016362ba48e sgg:2410558
bf:601995acbe9b881d09177a3a,Berserker,Berserker,bf:601995acbe9b881d09177a3a
bf:5fa467df4eb3c2458669c29a,Berto Burrito,Berto Burrito / BertoBurrito / Super Face Face,bf:5fa467df4eb3c2458669c29a sgg:646711
bf:5f121b05d04bae257fc1a263,biasedeyes,biasedeyes,bf:5f121b05d04bae257fc1a263
bf:601d6a1959fc1e11b57d5700,binhpac,binhpac,bf:601d6a1959fc1e11b57d5700
bf:5ee6c5f92764fc7a784c6f9e,BirdLaw,BirdLaw,bf:5ee6c5f92764fc7a784c6f9e
bf:601e4222507c147700ac949d,Bishamon,Bishamon,bf:601e4222507c147700ac949d
bf:5fb02943698db1048d26b9cd,Bison,Bison,bf:5fb02943698db1048d26b9cd
bf:5fc0244ca2fd34654753d0cb,Bjelke666,Bjelke666,bf:5fc0244ca2fd34654753d0cb
sgg:2483766,black_nao,black_nao,sgg:2483766
bf:60620a3ddb064f11ae99a9cc,BlatherskiteChannel,BlatherskiteChannel,bf:60620a3ddb064f11ae99a9cc
bf:5eb62f23aefaaf170fa23f33,Blue_Blast,Blue_Blast,bf:5eb62f23aefaaf170fa23f33 sgg:2349031
bf:5b0094b93d8b3603b86987cc,Bob the Tomato,Bob the Tomato,bf:5b0094b93d8b3603b86987cc
bf:60b0a4d9835684119d3312d6,Bob1974,Bob1974,bf:60b0a4d9835684119d3312d6
bf:5f10783cc08d9224ce50f95f,bob42,bob42,bf:5f10783cc08d9224ce50f95f
bf:60952a6777979c11ca42a3af,Bobotie,Bobotie,bf:60952a6777979c11ca42a3af
sgg:2629300,BogdanCojo,BogdanCojo,sgg:2629300
bf:602c2018507c147700acf905,Bomber_Harris,Bomber_Harris,bf:602c2018507c147700acf905
bf:601c602c8989bb1d0ffd2d60,Boom Stand,Boom Stand,bf:601c602c8989bb1d0ffd2d60
bf:5fbc79591632970e916c3fe5,Breich,Breich,bf:5fbc79591632970e916c3fe5
bf:5f38338163cc1128e5f86f97,Brendan,Brendan,bf:5f38338163cc1128e5f86f97
bf:5f1b3f1b08ac6c1dd4d6bb23,brienoconan,brienoconan,bf:5f1b3f1b08ac6c1dd4d6bb23
sgg:2375354,Brightstar,Brightstar,sgg:2375354
bf:601d8d265470fa2af29f55e8,Bronzeguy,Bronzeguy,bf:601d8d265470fa2af29f55e8
sgg:2505365,bruce,bruce,sgg:2505365
bf:5fa3e36b6b9c704abc3f92a0,bruki,bruki,bf:5fa3e36b6b9c704abc3f92a0
bf:601ad0d4bccfe11bd7952790,Bubblebox,Bubblebox,bf:601ad0d4bccfe11bd7952790 sgg:2805824
bf:5ebd9402b92b28521a098ec8,Bubbles,Bubbles,bf:5ebd9402b92b28521a098ec8 sgg:2357706
bf:5f11d0b0eea71b24bc30e84a,BUCKY,BUCKY,bf:5f11d0b0eea71b24bc30e84a sgg:2381264
bf:601e734995780078daf3e9cf,Budark,Budark,bf:601e734995780078daf3e9cf
sgg:2410397,BurningLAN,BurningLAN,sgg:2410397
bf:5f12da838b375222593365f7,Burremans,Burremans,bf:5f12da838b375222593365f7
bf:5fbfc2c9043fd20cdf90d720,bushirenchou,bushirenchou,bf:5fbfc2c9043fd20cdf90d720
bf:603cfe1ab328151e11b92549,buzzAldrin,buzzAldrin / buzzAldrin[no.1C],bf:603cfe1ab328151e11b92549 sgg:2520168
bf:5fa27bfdf8fc171ea9f66924,CalinBZ,CalinBZ / Calin_BZ,bf:5fa27bfdf8fc171ea9f66924 sgg:2388216
bf:5e7e00974f03651058bba114,Camm,Camm,bf:5e7e00974f03651058bba114
sgg:2695609,Canis1641,Canis1641,sgg:2695609
bf:5fbe906ba2fd34654753c0fc,captain.pothead,captain.pothead,bf:5fbe906ba2fd34654753c0fc
bf:57b5a7ffabd8181c0cfdf304,CaptainA,CaptainA / captainA2112,bf:57b5a7ffabd8181c0cfdf304 sgg:2400995
bf:5f1240f24a28711494f1b3aa,CaptainTchaikovsky,CaptainTchaikovsky,bf:5f1240f24a28711494f1b3aa
sgg:2503368,Carolus_Rex,Carolus_Rex,sgg:2503368
bf:60644d12bea76d63440e66db,casatron,casatron,bf:60644d12bea76d63440e66db
sgg:2504326,Caspian44,Caspian44,sgg:2504326
sgg:2498198,Casti,Casti,sgg:2498198
bf:60d21be3d576a82a21189bdf,castor furax,castor furax,bf:60d21be3d576a82a21189bdf
sgg:2704861,Catosoup,Catosoup,sgg:2704861
bf:6095471d1708cc7b8154c65c,ccc,ccc,bf:6095471d1708cc7b8154c65c
sgg:2699470,ccgacc75,ccgacc75,sgg:2699470
bf:5fa62937c3c163598ec80783,CCMS-031,CCMS-031,bf:5fa62937c3c163598ec80783
bf:6039135967b58f1e04196610,CEO of Racism,CEO of Racism,bf:6039135967b58f1e04196610
bf:5fc0046a698db1048d27c912,ChariotBlitz,ChariotBlitz,bf:5fc0046a698db1048d27c912
bf:6095516436c672120ab6f371,CHASSKY,CHASSKY,bf:6095516436c672120ab6f371
sgg:2624037,Chavi,Chavi,sgg:2624037
bf:5f1493df1c8cdf16056f8bc9,CheL_oFF,CheL_oFF,bf:5f1493df1c8cdf16056f8bc9
bf:60aaf2216dada66f5e2a839e,ChemistryMaster,ChemistryMaster,bf:60aaf2216dada66f5e2a839e
sgg:2407984,ChikadoZ,ChikadoZ,sgg:2407984
bf:5fc062ca3a712911d5860aac,Chimpu,Chimpu,bf:5fc062ca3a712911d5860aac
bf:5ec2c1da0a4e405c2332e640,Chip-Filled Adam,Chip-Filled Adam,bf:5ec2c1da0a4e405c2332e640
bf:601c914f7d548611be769699,Chippendale,Chippendale,bf:601c914f7d548611be769699
sgg:2801104,Chistyi,Chistyi,sgg:2801104
bf:5f323b2daf063111a36cffab,chmy426,chmy426,bf:5f323b2daf063111a36cffab
sgg:2931690,CHNCWY,CHNCWY,sgg:2931690
bf:5fb3203b1632970e916b97b7,chr1st0ph3r,chr1st0ph3r,bf:5fb3203b1632970e916b97b7
bf:604e70169811de4a8929cc66,chrasi,chrasi / chrasimir,bf:604e70169811de4a8929cc66
bf:5931f755f2d1a503331ea51d,Chrisca,Chrisca,bf:5931f755f2d1a503331ea51d
bf:5fbd548d698db1048d27a866,Citrons,Citrons,bf:5fbd548d698db1048d27a866
sgg:3081183,citrus,citrus,sgg:3081183
bf:5fa530563f52763256b7593d,Civlj,Civlj,bf:5fa530563f52763256b7593d
sgg:2627977,Civsully1,Civsully1,sgg:2627977
bf:5fbfd4581632970e916c6699,Claris,Claris,bf:5fbfd4581632970e916c6699
sgg:2938393,cococino,cococino,sgg:2938393
bf:5f10c966160c3f2239e92921,ColdCarl,ColdCarl,bf:5f10c966160c3f2239e92921 sgg:2407010
bf:5f332d0619fcf2666b2ac60a,comrade nicky,comrade nicky,bf:5f332d0619fcf2666b2ac60a
bf:5fa5ede611743771ade94108,comtruise,comtruise / x-dee,bf:5fa5ede611743771ade94108
bf:5f0df6196f4cd13933257c2a,COOLJ007,COOLJ007,bf:5f0df6196f4cd13933257c2a
bf:5f3a8eb4dd76a928dcec9bec,Coronel_Mostarda,Coronel_Mostarda,bf:5f3a8eb4dd76a928dcec9bec
bf:602f98dc95b59911a33166f5,Craylight,Craylight,bf:602f98dc95b59911a33166f5
bf:5fbf5273adfefd64e8c91b99,crazymonkey,crazymonkey,bf:5fbf5273adfefd64e8c91b99
bf:601e9b8beae820768baef5db,Csasz74,Csasz74,bf:601e9b8beae820768baef5db
bf:601e45ae6c6f1475e154a175,cws1968,cws1968,bf:601e45ae6c6f1475e154a175
bf:5f4617f7cff9bb4e25c81a49,Daccro,Daccro / daccro,bf:5f4617f7cff9bb4e25c81a49
bf:5f11ff2ec08d9224ce511d19,Dangerexx,Dangerexx,bf:5f11ff2ec08d9224ce511d19
sgg:2624357,DanielD,DanielD,sgg:2624357
bf:5e9cf8ff72e2961f747c7978,DARKCA5TLE,DARKCA5TLE,bf:5e9cf8ff72e2961f747c7978
bf:5f13fc452cba8f11c2a4298c,DarkMatterYT,DarkMatterYT,bf:5f13fc452cba8f11c2a4298c
bf:5f1520542cba8f11c2a44c16,DarkMist,DarkMist / GoldenAlienMist,bf:5f1520542cba8f11c2a44c16 sgg:2388542
bf:5eb65df574f31a11dd226b38,Darkness,Darkness,bf:5eb65df574f31a11dd226b38 sgg:2373114
bf:6030a2af3222cb45216b822e,DarkwingedTrumpeter,DTK / DarkwingedTrumpeter,bf:6030a2af3222cb45216b822e
bf:5f382e1f33118628f2f56ca7,Dash_ek,Dash_ek,bf:5f382e1f33118628f2f56ca7
bf:5ec57fff74214e1748e43f56,dasolli,dasolli,bf:5ec57fff74214e1748e43f56
bf:5fa4097911743771ade92145,David Lynch,David Lynch,bf:5fa4097911743771ade92145
bf:5fbeb20eb0ef7749130e452c,Dawn,Dawn,bf:5fbeb20eb0ef7749130e452c
bf:6096f16136c672120ab703d4,DdE,#DdE / DdE,bf:6096f16136c672120ab703d4 sgg:2630407
sgg:2802408,Deacon Zarathos,Deacon Zarathos,sgg:2802408 sgg:2925501
bf:5f32e62750b4d02c241cb180,deavski,deavski,bf:5f32e62750b4d02c241cb180
bf:5fbe8c402dc8793ada8519d5,Der_Admiral,Der_Admiral,bf:5fbe8c402dc8793ada8519d5
bf:5fb038eb1632970e916b6f46,DerNem,DerNem,bf:5fb038eb1632970e916b6f46 sgg:2377083
bf:609a7e2c4f046a3f9fd4176c,Devant,Devant,bf:609a7e2c4f046a3f9fd4176c
bf:60a7c75f9c13276cd691586e,devil,devil,bf:60a7c75f9c13276cd691586e
bf:601cafe1bb724711bbdc0e41,diablojoker,diablojoker,bf:601cafe1bb724711bbdc0e41
sgg:2621073,dian,dian,sgg:2621073
bf:6071c35b5100561142e3745f,Dimbud,Dimbud,bf:6071c35b5100561142e3745f
bf:60a67f38000fb03f36004b2c,Dindalian,Dindalian,bf:60a67f38000fb03f36004b2c
bf:60c939761fb30a26a0ea6e03,Dindomir,Dindomir,bf:60c939761fb30a26a0ea6e03 sgg:2374629
bf:5fbc4040adfefd64e8c8fd73,Diogenesis,Diogenesis,bf:5fbc4040adfefd64e8c8fd73 sgg:2356958
bf:5fbf3849043fd20cdf90d500,Dirty Jon,Dirty Jon,bf:5fbf3849043fd20cdf90d500
bf:5f0f54427c4df3491abfe274,djdado,djdado,bf:5f0f54427c4df3491abfe274
bf:6019ce668e21aa1d188c190d,DJSF,DJSF,bf:6019ce668e21aa1d188c190d
bf:60674f097230f532c22615b9,dodos,dodos,bf:60674f097230f532c22615b9
bf:5b38c676cbd82c03a4f28e8f,doge34,doge34,bf:5b38c676cbd82c03a4f28e8f sgg:580965
sgg:2628704,Dolohov Paulus,Dolohov Paulus,sgg:2628704
bf:5eb708950fe915528f90abfd,Donald Trump,Donald Trump,bf:5eb708950fe915528f90abfd
bf:5f1539bacfac0e373c6166ce,donigi,donigi,bf:5f1539bacfac0e373c6166ce
sgg:2627089,Dragoncall,Dragoncall,sgg:2627089
bf:5fb2c8f11632970e916b926c,Drake/Fabi,Drake/Fabi,bf:5fb2c8f11632970e916b926c
bf:601e77957e074a75c3e36c24,Drazer,Drazer,bf:601e77957e074a75c3e36c24
bf:5ebea2fd1eafc755976c161a,Drogear,Drogear,bf:5ebea2fd1eafc755976c161a
bf:5fb98c8e19c8f219d78717ac,DrQuencher,DrQuencher,bf:5fb98c8e19c8f219d78717ac
sgg:2701316,drs,drs,sgg:2701316
bf:5f3ab4ce63cc1128e5f8a327,DrTacos,DrTacos,bf:5f3ab4ce63cc1128e5f8a327
bf:603aca86a4a3f111939e5346,Druso,Druso,bf:603aca86a4a3f111939e5346 sgg:2635161
sgg:2518593,dsada,dsada,sgg:2518593
bf:5f0dde2dc47339351f7f7715,Dubba Roll,Abbud / Dubba Roll / abbud,bf:5f0dde2dc47339351f7f7715 sgg:2509360
sgg:2624805,Dutang Clem,Dutang Clem,sgg:2624805
bf:602efa92d7a4147c1146d997,Dynamo D,Dynamo D,bf:602efa92d7a4147c1146d997
sgg:2631948,Easy_101,Easy_101,sgg:2631948
bf:60ae026e000fb03f36007a83,EcholoQE,EcholoQE,bf:60ae026e000fb03f36007a83
bf:5fb0ee1e698db1048d26c5af,Eirik II,Eirik II,bf:5fb0ee1e698db1048d26c5af
bf:5fa1ee84f8fc171ea9f66554,El Chickenrice,El Chickenrice,bf:5fa1ee84f8fc171ea9f66554
bf:5c7e66cd2dd6e4033a9d5fd1,Elikur,Elikur,bf:5c7e66cd2dd6e4033a9d5fd1 sgg:2385447
sgg:2706665,Emil,Emil,sgg:2706665
bf:5fbed15626ea883a51583d3f,Empyreal,Empyreal,bf:5fbed15626ea883a51583d3f
bf:60512edad4a62c0ade6cde4a,endlessinertia,endlessinertia,bf:60512edad4a62c0ade6cde4a
bf:60ae60e26dada66f5e2a9239,ERB0L,ERB0L,bf:60ae60e26dada66f5e2a9239 sgg:267096
bf:609582310d24dd11b0848f33,ErfanSakkaki,ErfanSakkaki,bf:609582310d24dd11b0848f33
bf:60624761e23edf11a8fbebab,Eric Haas,Eric Haas,bf:60624761e23edf11a8fbebab
bf:5f4965bb76b8305ffaa36866,Ernst1871,Ernst1871,bf:5f4965bb76b8305ffaa36866
bf:5f3d0646dd76a928dceccb16,Ertugrul Gazi,Ertugrul Gazi,bf:5f3d0646dd76a928dceccb16
bf:5ee6022292efc00faf652a7e,Esthete,Esthete,bf:5ee6022292efc00faf652a7e
bf:60a61caf0327e8746992e60b,estienne2,Baksteen_777 / estienne2,bf:60a61caf0327e8746992e60b
bf:60665059bea76d63440e763f,ethen,ethen,bf:60665059bea76d63440e763f
bf:5f156d9fb4738624c42798e8,Evilmunki,Evilmunki,bf:5f156d9fb4738624c42798e8
bf:5f3321d98a94d511b1d67c5b,ExpelliarmusA,ExpelliarmusA,bf:5f3321d98a94d511b1d67c5b
bf:5f3ff2e624334d4ac794708e,FearlessFreep2,FearlessFreep2,bf:5f3ff2e624334d4ac794708e
bf:5fbfaa5d698db1048d27c161,Feiron,Feiron,bf:5fbfaa5d698db1048d27c161
bf:5f130139f7c29f223fd64290,fenrir,Fenrir / fenrir,bf:5f130139f7c29f223fd64290 bf:5f17187277697711a2360219
bf:5f1bad8bb4738624c4283cf6,Filpa,Fahrenheit / Filpa,bf:5f1bad8bb4738624c4283cf6
bf:5fbeb7541632970e916c5c93,finny,finny,bf:5fbeb7541632970e916c5c93
bf:5ec5e7746951c62d86f53235,FL1ppY | エワウト,FL1ppY | エワウト,bf:5ec5e7746951c62d86f53235
bf:6050e53b3ae2c317e32bca56,FlameForgeD,FlameForgeD,bf:6050e53b3ae2c317e32bca56
bf:601c5640242f461d92104636,Flironic,Flironic,bf:601c5640242f461d92104636
sgg:2803366,Foreign Ginger,Foreign Ginger,sgg:2803366
bf:5ebe821bdc25e53f4d8c7446,ForeverFox,ForeverFox,bf:5ebe821bdc25e53f4d8c7446
bf:5f140b7f1c8cdf16056f833c,foreverlimon,foreverlimon,bf:5f140b7f1c8cdf16056f833c
bf:5ebea8a9bfed616b75962b6a,Forgestryker,Forgestryker,bf:5ebea8a9bfed616b75962b6a
bf:6065e506c75b3f32bc8957c9,Fortress,Fortress,bf:6065e506c75b3f32bc8957c9
bf:5a4d98c332953903641106de,Freddie,Fede / Freddie,bf:5a4d98c332953903641106de sgg:3081488
sgg:2628773,freddy-marty,Metalfet / freddy-marty,sgg:2628773
bf:5f0e248def3ab65b96796c3f,frenchcook,frenchcook / frenchook,bf:5f0e248def3ab65b96796c3f
bf:5f35946553b8ce11abe62c4d,FRIKAZOID,FRIKAZOID,bf:5f35946553b8ce11abe62c4d
bf:60b1d9960072106f76db7938,FrosT_NF,FrosT_NF,bf:60b1d9960072106f76db7938
bf:601e7e5af38de8768ef0dbdf,Funnies,Funnies,bf:601e7e5af38de8768ef0dbdf
bf:5fbe848ca2fd34654753c09a,Future,Future,bf:5fbe848ca2fd34654753c09a
bf:60687ce718f0251191ca9656,Gagarinyasha,Gagarinyasha,bf:60687ce718f0251191ca9656
sgg:2633871,Gaijin,Gaijin,sgg:2633871
sgg:3116938,Gambit1286,Gambit1286,sgg:3116938
bf:5f1b9f20a73922196c802448,Gamesite,Gamesite,bf:5f1b9f20a73922196c802448
bf:60abd00e9226326cec5f56e5,Garand Конституції,Garand Конституції,bf:60abd00e9226326cec5f56e5
bf:601a74d5f4761b1d98293c14,gardr,gardr,bf:601a74d5f4761b1d98293c14
bf:5fbe9b450f21e57963852d1e,garygo,garygo,bf:5fbe9b450f21e57963852d1e
sgg:2489723,Gat0,Gat0,sgg:2489723
bf:5fc1f746a2fd34654753e1ae,GearWolf1991,GearWolf1991,bf:5fc1f746a2fd34654753e1ae
bf:5fbef0144d01f9313d135b11,Geezer,Geezer,bf:5fbef0144d01f9313d135b11 bf:6050dbf87f72654b742ca385 sgg:2372994
bf:5fb3f43ee0bfea60c76a2a56,General E. Drunk,General E. Drunk,bf:5fb3f43ee0bfea60c76a2a56
sgg:2917562,General Ganja,General Ganja,sgg:2917562
bf:602bd5d795780078daf45133,General Rojo,General Rojo,bf:602bd5d795780078daf45133
sgg:2495272,General Winter,General Winter,sgg:2495272
bf:5fc1dd9b2dc8793ada8544a3,GeneralMaximus_5,GeneralMaximus_5,bf:5fc1dd9b2dc8793ada8544a3
bf:60be9045f5c6055391109145,Gengeta,Gengeta,bf:60be9045f5c6055391109145
bf:60685007d0955e11e2b013f4,germanicus438,germanicus438,bf:60685007d0955e11e2b013f4 sgg:2508836
sgg:2630336,Ghazus,Ghazus,sgg:2630336
bf:601d6e10dca2311bb626f1d2,giannikas,giannikas,bf:601d6e10dca2311bb626f1d2
bf:601c5831f4761b1d98294688,gillis,gillis,bf:601c5831f4761b1d98294688
bf:605104bbb2e5e24b47ce44f8,girindus,girindus,bf:605104bbb2e5e24b47ce44f8
bf:5dadf6683f9f8d27e2e9cc0b,GKZhukov,GKZhukov,bf:5dadf6683f9f8d27e2e9cc0b
bf:5fbebdee043fd20cdf90cfaf,GM_Logan,GM_Logan / Logan,bf:5fbebdee043fd20cdf90cfaf bf:6050d639d164f74b8e783083 sgg:2640289
sgg:2357940,GMan,GMan,sgg:2357940
bf:5f3a8e2d33118628f2f5a7d5,Goltz,Goltz,bf:5f3a8e2d33118628f2f5a7d5
bf:6075a268938bed74f6ed9aee,Goran,Goran,bf:6075a268938bed74f6ed9aee
sgg:2494716,gotoh,gotoh,sgg:2494716
sgg:2624368,Graptolith,Graptolith,sgg:2624368
bf:5f464a379f8a441a7681100e,Grarivier,Grarivier,bf:5f464a379f8a441a7681100e
bf:60520c7e3ae2c317e32bd629,Grenadier Gomby,Grenadier Gomby,bf:60520c7e3ae2c317e32bd629
bf:5f11d03df7c29f223fd624f2,Groddur,Groddur,bf:5f11d03df7c29f223fd624f2
sgg:3076990,Grok,Grok,sgg:3076990
bf:6050d3cb1ca3d756eb018d27,Groomf,Groomf,bf:6050d3cb1ca3d756eb018d27
bf:5f15a9d0cfac0e373c616a81,gteacher12 (cst),gteacher12 (cst),bf:5f15a9d0cfac0e373c616a81
sgg:2624691,guorq123456,guorq123456,sgg:2624691
sgg:2623419,Gussev79,Gussev79,sgg:2623419
sgg:2936085,gutar1st,gutar1st,sgg:2936085
bf:60a65e7e982b577479221d7e,Hackfresse,#HACKFRESSE / HACKFRESSE / Hackfresse / Tomnjones99,bf:60a65e7e982b577479221d7e sgg:2386891
bf:5ec7d675f5d9bf6412138238,Hahn,Hahn,bf:5ec7d675f5d9bf6412138238
bf:5ec14e2baf9b8d5641b7a639,handor95,Handor / handor95,bf:5ec14e2baf9b8d5641b7a639 sgg:2622155
bf:5fbe834ea2fd34654753c095,Hans Friderich R,Hans Friderich R,bf:5fbe834ea2fd34654753c095
bf:5f46ff72cff9bb4e25c82ac7,hartmanator1,hartmanator1,bf:5f46ff72cff9bb4e25c82ac7
bf:602c22cdabb67b53bb4c4954,Haruna Izumi,Haruna Izumi,bf:602c22cdabb67b53bb4c4954
bf:5f3d19c7dd76a928dceccbcd,HaxBaba,HaxBaba,bf:5f3d19c7dd76a928dceccbcd
sgg:2374874,Hayboza,Hayboza,sgg:2374874
bf:5fa31ac6f8fc171ea9f67c43,Hayes,Hayes / hayes,bf:5fa31ac6f8fc171ea9f67c43
bf:5f0db8236f4cd1393325784f,Hazeltails,Hazeltails,bf:5f0db8236f4cd1393325784f
sgg:2627360,Head,Head,sgg:2627360
bf:5f12bb99cf45491743370da4,Headcrasher,Headcrasher,bf:5f12bb99cf45491743370da4
bf:5f140ea9b4738624c4277d71,Heist,Heist,bf:5f140ea9b4738624c4277d71
bf:601e9c49e5c01375db7f5e53,Heliks,Heliks,bf:601e9c49e5c01375db7f5e53
sgg:2625715,Hell the Rubbish Server,Hell the Rubbish Server,sgg:2625715
bf:5f11f078eea71b24bc30ed02,hellfire808,hellfire808,bf:5f11f078eea71b24bc30ed02
sgg:2624728,henry449856878,henry449856878,sgg:2624728
bf:5f0eab817c4df3491abfd2e6,hilmank,hilmank,bf:5f0eab817c4df3491abfd2e6
bf:60c61341543cd91a5d592af7,Hispano,Hispano,bf:60c61341543cd91a5d592af7 sgg:2632044
bf:5fc07486698db1048d27ccd5,hj123c,hj123c,bf:5fc07486698db1048d27ccd5
sgg:2505286,HRG Surplus,HRG Surplus,sgg:2505286
bf:60538ebac377d13ac74753e7,https://discord.gg/dAbfkYF,https://discord.gg/dAbfkYF,bf:60538ebac377d13ac74753e7
bf:5f101bc2eea71b24bc30c50e,Hubblebub,Hubblebub / hubblebub,bf:5f101bc2eea71b24bc30c50e sgg:2698214
bf:60c929871a01bf49674e1815,HW Plainview,HW Plainview,bf:60c929871a01bf49674e1815
bf:5fbe87ea5d320863b86f031b,Hydrogen,Hydrogen,bf:5fbe87ea5d320863b86f031b
bf:5f11ff59eea71b24bc30ee0c,Hyo,Hyo,bf:5f11ff59eea71b24bc30ee0c
bf:5fbfca710f21e57963853f62,icefruit,icefruit,bf:5fbfca710f21e57963853f62
bf:601e5d325156047698264588,idslksyllbls,idslksyllbls,bf:601e5d325156047698264588
bf:5fbf7a86b0ef7749130e4dec,ID由于太昭和无法显示,ID由于太昭和无法显示,bf:5fbf7a86b0ef7749130e4dec
bf:5fb7473c502b9e587d1becbe,ILoveMooncake,ILoveMooncake / ilovemooncake,bf:5fb7473c502b9e587d1becbe sgg:2380496
bf:601b5b897d76ec1b99358c6f,IMStarker,IMStarker,bf:601b5b897d76ec1b99358c6f
bf:602aa3c2a9de5d119d53bf98,Infamy Nexus,Infamy Nexus / vis4death,bf:602aa3c2a9de5d119d53bf98
bf:6051fe41cbd09156d261e80c,Io de Scylla,Io de Scylla / Seb,bf:6051fe41cbd09156d261e80c sgg:2496703
sgg:2695829,ION,ION,sgg:2695829
bf:59b91e3e40985d034416fd27,Isenberg,Isenberg,bf:59b91e3e40985d034416fd27
bf:601c0e79b125d31d258fd278,Ish,Ish,bf:601c0e79b125d31d258fd278
bf:5fb0b189f07fad440734d338,IWS2000,IWS2000 / neptunia,bf:5fb0b189f07fad440734d338 sgg:2624642
bf:601c9b3d2a229411c4dec493,JackaL,JackaL,bf:601c9b3d2a229411c4dec493
bf:5f14e99eea159211b4c99eab,Jacob,Jacob,bf:5f14e99eea159211b4c99eab
bf:5e7fb8e3d7ce547b37484302,jaja,jaja,bf:5e7fb8e3d7ce547b37484302
bf:5fbfb8f1043fd20cdf90d702,James Patterson,James Patterson,bf:5fbfb8f1043fd20cdf90d702
bf:5fbe86401632970e916c599c,JamesBoned,JamesBoned,bf:5fbe86401632970e916c599c
bf:601d72b8945ba61bbd9b6b3e,JamesJimRaynor,JamesJimRaynor,bf:601d72b8945ba61bbd9b6b3e
sgg:2633715,JanlandMapper,JanlandMapper,sgg:2633715
bf:5fc048141632970e916c6beb,Jannik,Jannik,bf:5fc048141632970e916c6beb
bf:601d334704309b1b93074798,Jashin,Jashin / yigit / yigit07,bf:601d334704309b1b93074798 sgg:2345026
sgg:2509034,JHugs,JHugs,sgg:2509034
bf:564e7b5b80b8db4a00c4ff9c,Jking7,Jking7 / jking7,bf:564e7b5b80b8db4a00c4ff9c sgg:646704
sgg:2621899,JLukeSkywalker,JLukeSkywalker,sgg:2621899
bf:5f32755630b92e118dbc4132,Joeybag0doughnuts,Joeybag0doughnuts,bf:5f32755630b92e118dbc4132
bf:5f109d917a5f692572240090,John_Px,John_Px,bf:5f109d917a5f692572240090 sgg:2365792
bf:5c834379fdf5df032965d470,Johnny,Johnny,bf:5c834379fdf5df032965d470
bf:5f344b7a8a94d511b1d68a96,John™,John™,bf:5f344b7a8a94d511b1d68a96
bf:5fa460dac3c163598ec7e50f,Joseph T. Krixten,Joseph T. Krixten,bf:5fa460dac3c163598ec7e50f
bf:5d47ab5c0451666910e5c0af,Joshua12450,Joshua12450,bf:5d47ab5c0451666910e5c0af
bf:5f145d63b4738624c4278122,Jotora,Jotora,bf:5f145d63b4738624c4278122
sgg:2708527,JQueen7,JQueen7,sgg:2708527
bf:5f1229f9cf4549174336fefe,JSL112,JSL112,bf:5f1229f9cf4549174336fefe
bf:601ce7017d548611be7697b6,JTR498,JTR498,bf:601ce7017d548611be7697b6
bf:5ad6b5686a20dd03885fa1d1,Jugador,Jugador,bf:5ad6b5686a20dd03885fa1d1
bf:601d204cab29fd2adcd79a2d,Juliuspluvius,Juliuspluvius,bf:601d204cab29fd2adcd79a2d
bf:60522cf8b2e5e24b47ce504a,Juuso,Juuso,bf:60522cf8b2e5e24b47ce504a
bf:5f36c30fff2e5911a44a282e,Józef Piłsudski,Józef Piłsudski,bf:5f36c30fff2e5911a44a282e
sgg:2620886,KARAKATITSA,KARAKATITSA,sgg:2620886
sgg:2623677,Karra_Chr,Karra_Chr,sgg:2623677
bf:5eb6495f5d6f1b5d1c5d7d95,kenny,Kenny / THEDEVILISAHANDSOMEMAN / kenny,bf:5eb6495f5d6f1b5d1c5d7d95 bf:60a43b826dada66f5e2a441d
bf:5f145fa11c8cdf16056f8757,Kerwer,Kerwer,bf:5f145fa11c8cdf16056f8757
bf:5f1220b9b4738624c4273900,KEV1NJ,KEV1NJ,bf:5f1220b9b4738624c4273900
sgg:2410346,Kevin Wu,Kevin Wu,sgg:2410346
sgg:2924228,kezpar,kezpar,sgg:2924228
bf:5fb051789a9e750ea663bb88,Khal Drogo,Khal Drogo,bf:5fb051789a9e750ea663bb88
bf:5fbf86bf2dc8793ada852abe,Kiertscher,Kiertscher,bf:5fbf86bf2dc8793ada852abe
bf:5fb1143e502b9e587d1b94dc,KillerQueenS,KillerQueenS,bf:5fb1143e502b9e587d1b94dc
bf:5fb3184d9a9e750ea663e423,killswitch,killswitch,bf:5fb3184d9a9e750ea663e423 sgg:2483021
bf:5fbf4fe05d320863b86f0fb6,Kimssa,Kimssa,bf:5fbf4fe05d320863b86f0fb6 bf:6067d3ae3c7fcd119bb9c5ab
bf:60ca4cb5a95cd94e9dae6026,Kindero,Kindero,bf:60ca4cb5a95cd94e9dae6026
bf:5fb6a5d3e7d89a60d4339244,kingsharaman,kingsharaman,bf:5fb6a5d3e7d89a60d4339244
bf:5f41a73ee7543f4a0a54f568,Kipahigan,Kipahigan,bf:5f41a73ee7543f4a0a54f568
bf:5fb3f8b3e7d89a60d4337959,Kn1ghT,Kn1ghT,bf:5fb3f8b3e7d89a60d4337959
bf:5f362c8703dbcc11d58d78e3,Kolbasnik,Kolbasnik / Kolbasnik__,bf:5f362c8703dbcc11d58d78e3 sgg:2357630
bf:5fbdb89d26ea883a51583400,Kongo,Kongo,bf:5fbdb89d26ea883a51583400
bf:5eeb9c3d19b81239da9496cb,Kosaroli,Kosaroli / kosaroli,bf:5eeb9c3d19b81239da9496cb sgg:2346720
bf:5f32f48419fcf2666b2abff1,kowalski,kowalski,bf:5f32f48419fcf2666b2abff1 sgg:2375214
bf:5f0f2f19ef3ab65b96797ada,kramedogg,kramedogg,bf:5f0f2f19ef3ab65b96797ada
sgg:2375094,Krch,Krch,sgg:2375094
bf:5fb0e0020c8f110e8a8bf3f2,Krieger,Krieger,bf:5fb0e0020c8f110e8a8bf3f2
bf:5fbe873b4d01f9313d135045,KrisKrinkel,KrisKrinkel,bf:5fbe873b4d01f9313d135045
sgg:2803542,Kumashin76,Kumashin76,sgg:2803542
bf:6065dd291b083505d3f69759,kusanagui2501,kusanagui2501,bf:6065dd291b083505d3f69759
bf:56bf93a68b6bc7030304a789,Kynio,Kynio,bf:56bf93a68b6bc7030304a789
bf:5fc1647ca447ab4bb37e3019,Lampround,Lampround,bf:5fc1647ca447ab4bb37e3019
bf:5fc2cfeb2350e111ca3e4a6e,Lan,Lan,bf:5fc2cfeb2350e111ca3e4a6e
bf:5fc0ff84971c1811b1c02525,lapotNIK,lapotNIK,bf:5fc0ff84971c1811b1c02525
bf:5fb73781698db1048d271114,Lazer Wolf,Lazer Wolf,bf:5fb73781698db1048d271114
bf:5fbd71c2e7d89a60d43410ca,lean87ki,lean87ki,bf:5fbd71c2e7d89a60d43410ca
bf:601d68eabf58cf5f54a82fbf,LeeandGarros,LeeandGarros,bf:601d68eabf58cf5f54a82fbf sgg:2483752
bf:58e41837fad5530333b01b98,Legio IX Hispana,Legio IX Hispana,bf:58e41837fad5530333b01b98
bf:5fc133575ca52f15c00549a9,Legio_Victrix,Legio_Victrix,bf:5fc133575ca52f15c00549a9
bf:60a503770ee905712684a97d,Leichelot1,Leichelot1,bf:60a503770ee905712684a97d
bf:5f4a40fd34f6ed5f7792170c,LemonShark,LemonShark,bf:5f4a40fd34f6ed5f7792170c
bf:602de8ab384ba37dec87751b,leong_yc,leong_yc,bf:602de8ab384ba37dec87751b
bf:5f13952ceea71b24bc312529,Limitless Beast,Limitless Beast,bf:5f13952ceea71b24bc312529
sgg:2505316,link2sth,link2sth,sgg:2505316
bf:5fa57306cc28b3594394b946,Liszt,Liszt / liszt2297,bf:5fa57306cc28b3594394b946 sgg:2377132 sgg:3081159
bf:5f11ff268b375222593350d0,Lobby Boy Lettuce,Lobby Boy Lettuce,bf:5f11ff268b375222593350d0
bf:6030551a73965f35ae461762,log1c,log1c,bf:6030551a73965f35ae461762
bf:5f1660782cba8f11c2a45e9c,Lolofy44,Lolofy44 / lolofy44,bf:5f1660782cba8f11c2a45e9c sgg:2346815
bf:601ae997fb69622ad6617823,Lord Zarax,Haakon the Vrazy / HaakonTheVrazy / Lord Zarax,bf:601ae997fb69622ad6617823 sgg:2630324
bf:60a685a99c13276cd691508d,loud and clear,loud and clear,bf:60a685a99c13276cd691508d
bf:5f1086f1160c3f2239e9225b,lt.blueberry,lt.blueberry,bf:5f1086f1160c3f2239e9225b
bf:5ec2acf9a7330d091e79291a,lucencan,lucencan,bf:5ec2acf9a7330d091e79291a
bf:5784f8bcf26da72d0cd20f65,LuckyLuke,LuckyLuke,bf:5784f8bcf26da72d0cd20f65
bf:5f11d247160c3f2239e940a4,LuckySpike,LuckySpike,bf:5f11d247160c3f2239e940a4 sgg:2382738
bf:601c6d39ce01411daff6ce45,Ludo,Ludo,bf:601c6d39ce01411daff6ce45
bf:6064433143507c17f08ff721,lutherizz,lutherizz,bf:6064433143507c17f08ff721
bf:5f169f65bcbe32117ff6eb42,Lykas_OMES,Lykas_OMES,bf:5f169f65bcbe32117ff6eb42
bf:5fc0060d698db1048d27c939,machue,machue,bf:5fc0060d698db1048d27c939
bf:5f0f22cb85aa4e37e9115bb4,madisek,madisek,bf:5f0f22cb85aa4e37e9115bb4
bf:5fb0acb4eb92fe047543807d,MagiC,MagiC,bf:5fb0acb4eb92fe047543807d
bf:5fbc5711a2fd34654753a8c0,Magister Erik,Magister Erik,bf:5fbc5711a2fd34654753a8c0
sgg:2408647,Magman,Magman,sgg:2408647
bf:606854ffd0955e11e2b01407,Magnus_Aurel,Magnus_Aurel,bf:606854ffd0955e11e2b01407
bf:5f102c329d4b3024dce6f5dd,Malovato_Budet,Malovato_Budet,bf:5f102c329d4b3024dce6f5dd
bf:5fc134dd4a3afe55318cf5ff,marc,marc,bf:5fc134dd4a3afe55318cf5ff
bf:60676fb11d5ed13ba0593743,marcelinovegaviejo,marcelinovegaviejo,bf:60676fb11d5ed13ba0593743
bf:60a9f588982b57747922392a,Marek,Marek,bf:60a9f588982b57747922392a bf:60b0a73c6962a011b6f46424
bf:5fbc0c3e2dc8793ada84fdb3,Mark2020,Mark2020,bf:5fbc0c3e2dc8793ada84fdb3
bf:60cb0a9721762b468d3d911d,Marsyas,Marsyas,bf:60cb0a9721762b468d3d911d
bf:5fbef3ecb0ef7749130e49bc,MaskedMarvel,MaskedMarvel,bf:5fbef3ecb0ef7749130e49bc
bf:5fbf6ade2dc8793ada852a75,Maty,Maty / g.zhang@stleonards-fife.org,bf:5fbf6ade2dc8793ada852a75
sgg:2627200,Mavzoley30,Mavzoley30,sgg:2627200
bf:609be9664f046a3f9fd41e7e,maximus,maximus,bf:609be9664f046a3f9fd41e7e
sgg:2624640,maximuswdead,maximuswdead,sgg:2624640 sgg:2927548 sgg:3076545
bf:5f3304e930b92e118dbc4ad6,maxterGIO,Maxter GIO / maxterGIO,bf:5f3304e930b92e118dbc4ad6
bf:5f12771889520148edf780af,mbilsel,mbilsel,bf:5f12771889520148edf780af
bf:5fbfbd51b0ef7749130e4f38,MC_Shiro,MC Shiro / MC_Shiro,bf:5fbfbd51b0ef7749130e4f38
bf:5f327f1af3c1b81004c7bac1,Me_is_Alon_UwU,Me_is_Alon_UwU,bf:5f327f1af3c1b81004c7bac1
bf:609bebb37051842cc80ef5cd,mechted,mechted,bf:609bebb37051842cc80ef5cd
bf:5fbe862ca447ab4bb37e0f77,meistermiagi,meistermiagi,bf:5fbe862ca447ab4bb37e0f77
bf:6068332c521bb713377d8fdf,melenkurion,melenkurion,bf:6068332c521bb713377d8fdf
sgg:2718501,melog1,melog1,sgg:2718501
bf:60a432af9226326cec5f185b,MeRoll,MeRoll / Roll N Rift,bf:60a432af9226326cec5f185b
bf:5fbffbaa2dc8793ada85319e,MeRRoR,MeRRoR,bf:5fbffbaa2dc8793ada85319e
bf:601e1a04b66ee1767c0f19bf,metaman0,metaman0,bf:601e1a04b66ee1767c0f19bf
sgg:2628603,Meteor,Meteor,sgg:2628603
bf:6040deb7c12b5c4f046bd81a,MilenP,MilenP,bf:6040deb7c12b5c4f046bd81a
sgg:2937394,Miltiades,Miltiades,sgg:2937394
bf:609603ae60141e11d52282de,MIMI,MIMI,bf:609603ae60141e11d52282de
sgg:2917634,Mina OvO,Mina OvO,sgg:2917634
bf:60cbd5a9c14dba4e60467bd5,Mister-Wongo,Mister-Wongo,bf:60cbd5a9c14dba4e60467bd5
bf:5ec2ace2fd8a561535cde2e1,MJT,MJT,bf:5ec2ace2fd8a561535cde2e1
sgg:2709342,MoERo,MoERo,sgg:2709342
bf:5f12f0c3abfcb016362ae526,mon.mgs,mon.mgs,bf:5f12f0c3abfcb016362ae526
bf:5fa2d1356b9c704abc3f86e4,MoncherFrag,MoncherFrag,bf:5fa2d1356b9c704abc3f86e4
sgg:2630473,MorS,MorS,sgg:2630473
bf:5fb1f464698db1048d26d582,Morsimos,Morsimos,bf:5fb1f464698db1048d26d582
bf:601d189a36ceeb11b32b81e2,MR.p,MR.p,bf:601d189a36ceeb11b32b81e2
bf:609ac012f8526f36fb8d7199,mr.tromort,mr.tromort,bf:609ac012f8526f36fb8d7199
bf:5fbe89294d01f9313d135068,MrMolotoff,MrMolotoff,bf:5fbe89294d01f9313d135068
bf:5f11ffc4eac9482569fb4f49,MrNejcKing,MrNejcKing,bf:5f11ffc4eac9482569fb4f49
sgg:2630763,Munson,Munson,sgg:2630763
sgg:2801120,Murzov/Twitch,Murzov/Twitch,sgg:2801120
bf:60be8b49c88a6939d3b43111,N i e v a,N i e v a,bf:60be8b49c88a6939d3b43111
bf:5f3a8d53c190e3296d7a1eef,nagymaciii,nagymaciii,bf:5f3a8d53c190e3296d7a1eef
sgg:2629560,Nahot,Nahot,sgg:2629560
sgg:2408029,Nanohard,Nanohard,sgg:2408029
sgg:2628897,Neal,Neal,sgg:2628897
bf:5f0d81380ffa0b49d9f58c5c,Nerf,Nerf,bf:5f0d81380ffa0b49d9f58c5c
bf:5f12bb564a28711494f1bd8d,NeriUwU,NeriUwU,bf:5f12bb564a28711494f1bd8d
sgg:2700939,Nguyenmi7,Nguyenmi7,sgg:2700939
bf:609b0f8f7b748611b20fea75,Niebieski,Niebieski,bf:609b0f8f7b748611b20fea75 sgg:2702819
bf:5d6bf8a0238bc73c869e6430,Niemand,Niemand,bf:5d6bf8a0238bc73c869e6430
bf:6050ef19d164f74b8e7831f1,nike0good,nike0good,bf:6050ef19d164f74b8e7831f1
bf:5fc017df26ea883a515847d5,Nikica,Nikica,bf:5fc017df26ea883a515847d5
bf:601c5d21bccfe11bd79533ba,NikitoSNaz,NikitoSNaz,bf:601c5d21bccfe11bd79533ba
bf:6061f0d91d5ed13ba0590c8c,NikolaTesla,NikolaTesla,bf:6061f0d91d5ed13ba0590c8c
bf:6096026d938bed74f6ee8448,nitro,nitro,bf:6096026d938bed74f6ee8448
sgg:2375442,Noein5,Noein5,sgg:2375442
bf:5fb1bf581632970e916b85be,nolans34,nolans34,bf:5fb1bf581632970e916b85be sgg:2937262
bf:5fbfafde1632970e916c652e,Non-motorized,Non-motorized,bf:5fbfafde1632970e916c652e
bf:5eb598330abb797ad38acaee,NonGMOSalt,NonGMOSalt,bf:5eb598330abb797ad38acaee sgg:2949600
sgg:2621982,norouisd,norouisd,sgg:2621982
bf:601ea179eae820768baef620,notturno68,notturno68,bf:601ea179eae820768baef620
bf:602d5acba74cc17c31b7d9af,Nyarlathotep,Nyarlathotep,bf:602d5acba74cc17c31b7d9af sgg:2365793 sgg:2622004
bf:60512d7ad4a62c0ade6cde46,Oberstleutnant Karlar,Oberstleutnant Karlar,bf:60512d7ad4a62c0ade6cde46
bf:604fb066e8932017833a622b,obivan007,obivan007,bf:604fb066e8932017833a622b
bf:60a3f0a911d3b171064316ce,Obristan,Obristan,bf:60a3f0a911d3b171064316ce
bf:5f32abe69ab87f2e0c19e0b7,"Oh, Pretty Woman","Oh, Pretty Woman",bf:5f32abe69ab87f2e0c19e0b7 sgg:2408184
bf:5bef1fd422a55803cb340a40,OHxCORNGUY,OHxCORNGUY / Tex,bf:5bef1fd422a55803cb340a40 sgg:2357608
bf:5f4022e92736604a195ffbfb,Ol'Red,Ol'Red,bf:5f4022e92736604a195ffbfb
bf:5f908c01a261b945b6c471e8,OliRoB,OliRoB,bf:5f908c01a261b945b6c471e8
bf:5fb1184c0c8f110e8a8bf660,only_,only_,bf:5fb1184c0c8f110e8a8bf660
bf:60721ccb5c1419118df3a796,OOUTAIWAN,OOTaiwan / OOUTAIWAN,bf:60721ccb5c1419118df3a796 sgg:2382138
bf:60953cc936c672120ab6f2f4,OTMbI4KA,OTMbI4KA,bf:60953cc936c672120ab6f2f4
bf:5f34d3bdacefe6118a5de444,Ottotheblue,Ottotheblue,bf:5f34d3bdacefe6118a5de444
bf:5f0e1a20c47339351f7f7b34,Ouchmaster,Ouchmaster,bf:5f0e1a20c47339351f7f7b34
sgg:2393915,P2N,P2N,sgg:2393915
bf:601ea84d2cdc35768253b653,pablonsky,pablonsky,bf:601ea84d2cdc35768253b653
bf:572751089b61d587125da415,Pad,Pad,bf:572751089b61d587125da415
bf:5fbf32921632970e916c6301,Paddy,Paddy,bf:5fbf32921632970e916c6301
bf:60ca80ace39b28468395e0c2,PAGMARE,Epsi / PAGMARE,bf:60ca80ace39b28468395e0c2 sgg:2350931
bf:601c9f9ef8251e1bb7eb0fb5,PainmakeR,PainmakeR,bf:601c9f9ef8251e1bb7eb0fb5 sgg:2708366
bf:5fb0f0121632970e916b7856,panzer_398,panzer_398,bf:5fb0f0121632970e916b7856
sgg:2926197,patmyhead,patmyhead,sgg:2926197
bf:5f369b86c897e0119e4ff6f8,PatsenBR,PatsenBR,bf:5f369b86c897e0119e4ff6f8
bf:5dcafdd3c441a42c5826f5a6,paulatreides,paulatreides,bf:5dcafdd3c441a42c5826f5a6
bf:604fca24403e2d4adec4cf05,Pazu4ok,Pazu4ok,bf:604fca24403e2d4adec4cf05
bf:601dacd85156047698264137,pelota,pelota,bf:601dacd85156047698264137
bf:5f112ee3eac9482569fb3ee6,Pert,Pert,bf:5f112ee3eac9482569fb3ee6 sgg:2366706
sgg:2506738,Pete2019,Pete2019,sgg:2506738
bf:5f193071cfac0e373c61a11b,PetitPoney,PetitPoney,bf:5f193071cfac0e373c61a11b
bf:5f32c6147bd80311ab78193f,petriachor,JT (quantump/petriachor) / JT petriachor / petriachor,bf:5f32c6147bd80311ab78193f sgg:2517352
bf:5f103df2eac9482569fb2922,phasermind,phasermind,bf:5f103df2eac9482569fb2922
bf:5fbb03850f21e57963850470,Pie4155,Pie4155,bf:5fbb03850f21e57963850470
bf:5fbe83792dc8793ada85198d,pilotttt(Илья),pilotttt(Илья),bf:5fbe83792dc8793ada85198d
bf:5fb0eee19a9e750ea663c435,player1,player1,bf:5fb0eee19a9e750ea663c435
bf:60c514950332eb573b6ef25d,polancowoods45,polancowoods45,bf:60c514950332eb573b6ef25d
bf:5fb1db8c5caa4f5e4bc8168d,Poochies,Poochies,bf:5fb1db8c5caa4f5e4bc8168d
sgg:2942421,PrairiePirates#1825dicrd,PrairiePirates#1825dicrd,sgg:2942421
bf:5fafe7dfe7d89a60d43336cc,Primal,Primal,bf:5fafe7dfe7d89a60d43336cc
sgg:2805583,Probe,Probe,sgg:2805583
bf:5f1281edb4738624c42745af,ptreey,ptreey,bf:5f1281edb4738624c42745af
bf:5d4eae596c2b2139a67ce680,Punpun,Punpun,bf:5d4eae596c2b2139a67ce680
bf:5fa2d6ebe121e0328ae53c2c,Pyroblast,Pyroblast,bf:5fa2d6ebe121e0328ae53c2c
bf:5fbe8b8ea447ab4bb37e0fc8,päpä,päpä,bf:5fbe8b8ea447ab4bb37e0fc8
bf:609b63110a6666119d69bbb0,Qqlolz,Qqlolz,bf:609b63110a6666119d69bbb0
bf:5f31e6b930b92e118dbc3b00,r3in0r,r3in0r,bf:5f31e6b930b92e118dbc3b00
sgg:2636686,Radziszcze,Radziszcze,sgg:2636686
bf:5f113e2cd04bae257fc195f6,RafcKen7,RafcKen7,bf:5f113e2cd04bae257fc195f6 sgg:2410056
sgg:2793488,Raine,Raine,sgg:2793488
bf:596dd6d3014e6b033a8a1275,RainZone,RainZone,bf:596dd6d3014e6b033a8a1275
bf:5f12f0881c8cdf16056f6224,RaPaulke,RaPaulke,bf:5f12f0881c8cdf16056f6224
sgg:2374037,Raslin2006,Raslin2006,sgg:2374037
bf:5fbedfbc0f21e57963853121,Raswar47,Raswar47,bf:5fbedfbc0f21e57963853121
bf:5fb719fde0bfea60c76a4f50,rayko,rayko,bf:5fb719fde0bfea60c76a4f50
bf:5fbfb60f1632970e916c6544,rayson366458,rayson366458,bf:5fbfb60f1632970e916c6544 sgg:2629867
bf:5eb572f0a795290866140381,rdbigdog,rdbigdog,bf:5eb572f0a795290866140381 bf:5f0dc986824086475be262ae
bf:5fc241c1f1aa2511d7251933,Reaper,Reaper,bf:5fc241c1f1aa2511d7251933 bf:6050e2ded4a62c0ade6cda2c
bf:5fb42443a2fd346547530b2e,RED SUN,RED SUN,bf:5fb42443a2fd346547530b2e
sgg:2695825,Renivius,Renivius,sgg:2695825
bf:6064772a1dc5b905e3c0ff51,repose,lansR / repose,bf:6064772a1dc5b905e3c0ff51 sgg:2628980
bf:6062d422fe869e359192c071,rezvuhin.dmitrij,rezvuhin.dmitrij,bf:6062d422fe869e359192c071
bf:5f48837c34f6ed5f7791f82a,RIBO,RIBO,bf:5f48837c34f6ed5f7791f82a bf:6050becb3ae2c317e32bc87c
bf:5f3800b06ce6de28d63de960,RicardoTamanini,RicardoTamanini,bf:5f3800b06ce6de28d63de960
bf:60623bfcfe869e359192bdb3,Richard Zorge ( tfcvgy),Richard Zorge ( tfcvgy),bf:60623bfcfe869e359192bdb3
bf:6050d6e6df9c3817d1e02310,Rinzler,Rinzler,bf:6050d6e6df9c3817d1e02310
bf:5f354d22e4876e1184288d58,Ripoff,Ripoff,bf:5f354d22e4876e1184288d58
bf:5f0dad9ac47339351f7f742f,RipperJim,RipperJim,bf:5f0dad9ac47339351f7f742f
bf:5f0df9d07c4df3491abfc797,RMISE,RMISE,bf:5f0df9d07c4df3491abfc797
bf:5f31dbda9ab87f2e0c19cd0c,RNGek,RNGek,bf:5f31dbda9ab87f2e0c19cd0c
bf:60a356b944cea86cbcb2d935,Rngesus,Rngesus,bf:60a356b944cea86cbcb2d935
sgg:2696954,ROBERTKRYT,ROBERTKRYT,sgg:2696954
bf:5fba777719c8f219d787247b,roberto7208,roberto7208,bf:5fba777719c8f219d787247b
sgg:2622223,Robko,Robko,sgg:2622223
bf:5f0e76497c4df3491abfd06c,rocksopimppo,Rocksopimppo / rocksopimppo,bf:5f0e76497c4df3491abfd06c
sgg:2621386,rodrigofeija,rodrigofeija,sgg:2621386
bf:5d0fba42acc6ed329c51837f,Rokeiro,Rokeiro,bf:5d0fba42acc6ed329c51837f
bf:5eb664dbaefaaf170fa246f1,RookVenturer1313,RookVenturer1313,bf:5eb664dbaefaaf170fa246f1
bf:5fb6da26eb92fe047543c823,rostigerloeffel,rostigerloeffel,bf:5fb6da26eb92fe047543c823
bf:601afc674443111ba564023d,RTylerW,RTylerW,bf:601afc674443111ba564023d
bf:5fc1c2f14a3afe55318cfd98,RudyFlyer,RudyFlyer,bf:5fc1c2f14a3afe55318cfd98 sgg:2508505
bf:5fbe9602698db1048d27b3e0,Rumfart,Rumfart,bf:5fbe9602698db1048d27b3e0
bf:60649133d9c5a005c360423e,Rusl,Rusl,bf:60649133d9c5a005c360423e
bf:5f49b691c955654e18759c1e,Ryestye,Ryestye,bf:5f49b691c955654e18759c1e
bf:5fbfa1ec5d320863b86f10df,s8130662,s8130662,bf:5fbfa1ec5d320863b86f10df
bf:5f19119cb4738624c427e33c,SA-GR,SA-GR,bf:5f19119cb4738624c427e33c
bf:5f351f60af063111a36d282b,Sadrik,Sadrik,bf:5f351f60af063111a36d282b
bf:60631191ef449e2156a5adf9,saiko,saiko,bf:60631191ef449e2156a5adf9
sgg:2805881,SaitovRus,SaitovRus,sgg:2805881
bf:5f0dc882f26046593189ba9f,SALUTE06,SALUTE06,bf:5f0dc882f26046593189ba9f
bf:5fbfb1ca2dc8793ada852b72,Satomi_ren,Satomi_ren,bf:5fbfb1ca2dc8793ada852b72
bf:601ce5a78e21aa1d188c2da4,scarecrow,goldenfox / scarecrow,bf:601ce5a78e21aa1d188c2da4 sgg:2621865
bf:5ec2f8632e7fb7357e7c8077,SCARED MOKEY,SCARED MOKEY,bf:5ec2f8632e7fb7357e7c8077
bf:5f159e62ea159211b4c9a50e,scorp1one,scorp1one,bf:5f159e62ea159211b4c9a50e
bf:5fb4442a9a9e750ea663ee54,Scythe,Scythe,bf:5fb4442a9a9e750ea663ee54
bf:5b499abbdbda4803ac64b712,SdCorpse,SdCorpse,bf:5b499abbdbda4803ac64b712
bf:601c71455470fa2af29f5034,Sebastianhenry,Sebastianhenry,bf:601c71455470fa2af29f5034
sgg:2621971,Seberty,Seberty,sgg:2621971
bf:5fb032ea502b9e587d1b85eb,Secret Deadbeat,Secret Deadbeat,bf:5fb032ea502b9e587d1b85eb
bf:5ec3fe380be5fa28e9946104,Sertma,Sertma,bf:5ec3fe380be5fa28e9946104
bf:60514c101ca3d756eb01932e,Servus,Servus,bf:60514c101ca3d756eb01932e
bf:5fb666119a9e750ea664030b,Setteduetto,Setteduetto,bf:5fb666119a9e750ea664030b
bf:5f3be5186ce6de28d63e45f9,Severus,Severus,bf:5f3be5186ce6de28d63e45f9
bf:6096b9f1ee4adc11d83eef08,Severus_Snegg,Severus_Snegg,bf:6096b9f1ee4adc11d83eef08
sgg:3082136,Sgt_Stupidity,Sgt_Stupidity,sgg:3082136
bf:5f148273cd3934118e03b196,Shaemas,Shaemas,bf:5f148273cd3934118e03b196
bf:5eb583d54a8bea0acd7ea437,SharkPup,SharkPup,bf:5eb583d54a8bea0acd7ea437
bf:5f3fc42472caf64e0f2b589c,Shiva's,Shiva's,bf:5f3fc42472caf64e0f2b589c sgg:2380600
bf:602c0e5389472a782b9cbc26,Shockwave750,Shockwave750,bf:602c0e5389472a782b9cbc26
sgg:2623660,ShutzStaffel,ShutzStaffel,sgg:2623660
bf:5f4318d1681ff84ab5ec92f9,Sidecrawler,Sidecrawler,bf:5f4318d1681ff84ab5ec92f9 sgg:2375445
sgg:2805740,Silvio,Silvio,sgg:2805740
bf:5fbfba184d01f9313d135f37,Simple One,Simple One,bf:5fbfba184d01f9313d135f37
bf:5f32ca9074a4bd1196ff97d9,Sirbol,Sirbol,bf:5f32ca9074a4bd1196ff97d9
bf:5fb249e5f07fad440734e5ea,SirFragir,SirFragir,bf:5fb249e5f07fad440734e5ea
bf:5e055721e0b14c3515213776,sk1091,sk1091,bf:5e055721e0b14c3515213776
bf:60a6368e0072106f76db29dd,Skiller,Skiller,bf:60a6368e0072106f76db29dd
bf:60a3bf649226326cec5f141a,SkillKill,SkillKill,bf:60a3bf649226326cec5f141a
bf:602d35b5e953470c8c2eb398,skippu_white,skippu_white,bf:602d35b5e953470c8c2eb398
bf:5fbe8afb698db1048d27b396,SkittleSabot,SkittleSabot,bf:5fbe8afb698db1048d27b396
bf:5f1b1546b4738624c4282183,Skunk,Skunk,bf:5f1b1546b4738624c4282183
sgg:3076789,Skyrif,Skyrif,sgg:3076789
bf:5ec442d3b2f357511fcbf34a,skzeman,skzeman,bf:5ec442d3b2f357511fcbf34a
bf:5fb3df78f07fad440734f6f7,slameo,slameo,bf:5fb3df78f07fad440734f6f7
bf:601c7bb24443111ba5640e9a,sleppy,sleppy,bf:601c7bb24443111ba5640e9a
bf:5f4a2d8c76b8305ffaa376af,smerch,smerch,bf:5f4a2d8c76b8305ffaa376af
bf:601ccaa7df90f911ab030712,Smoky,Chainz / Smoky,bf:601ccaa7df90f911ab030712
bf:5f140d9bbcbe32117ff6b7e7,Snakii0,Snakii0,bf:5f140d9bbcbe32117ff6b7e7
bf:5f404839cabbdc4a26620899,sNapple,sNapple,bf:5f404839cabbdc4a26620899
bf:5ebc5c7aec210a06ae04d4d4,Snefru,Snefru,bf:5ebc5c7aec210a06ae04d4d4
bf:5f0f3d9e7c4df3491abfe047,Snooginz,Snooginz,bf:5f0f3d9e7c4df3491abfe047 sgg:2505667
bf:57101bc80b3b0f8312f27ec5,Socialist,Socialist,bf:57101bc80b3b0f8312f27ec5 sgg:2406981
bf:5fb1a2cb5caa4f5e4bc80d56,SpaceCowboy,SpaceCowboy,bf:5fb1a2cb5caa4f5e4bc80d56
bf:606205aa77b5c319f9259197,Spaghetti Dan,Spaghetti Dan,bf:606205aa77b5c319f9259197
bf:5fbc3b8e0f21e5796385112f,spambox9,spambox9,bf:5fbc3b8e0f21e5796385112f
bf:5f32b5a5af063111a36d039f,Spartan,Spartan,bf:5f32b5a5af063111a36d039f
bf:5f3846d25b41bf2bd0fe2207,Spooky Time,Spooky Time,bf:5f3846d25b41bf2bd0fe2207
bf:5fa3da8e11743771ade92018,Spooz,Spooz,bf:5fa3da8e11743771ade92018 sgg:2383671
bf:5f10825feac9482569fb2e81,SquareGrouper,SquareGrouoer / SquareGrouper,bf:5f10825feac9482569fb2e81
bf:5fb27723698db1048d26d94d,StabKingPro,StabKingPro,bf:5fb27723698db1048d26d94d
bf:5f11ef33160c3f2239e942b2,Starkiller30001,Starkiller30001,bf:5f11ef33160c3f2239e942b2
bf:5faff24f698db1048d26b032,Stenli72,Stenli72,bf:5faff24f698db1048d26b032
bf:5fbe8b2e5d320863b86f0330,Stephen Chen,Stephen Chen,bf:5fbe8b2e5d320863b86f0330
bf:601e92a7e5c01375db7f5de8,stevenj21,stevenj21,bf:601e92a7e5c01375db7f5de8
bf:5f3fbdaeb856d24e0965bbc4,Stluvik,Stluvik,bf:5f3fbdaeb856d24e0965bbc4
bf:5fbeb056698db1048d27b5bd,Stuie,Stuie / Stuie3422,bf:5fbeb056698db1048d27b5bd
bf:5f191b72abfcb016362b6974,Suchy,Suchy,bf:5f191b72abfcb016362b6974
sgg:2628408,Suicidal,Suicidal,sgg:2628408
sgg:2408285,Surcouf,Surcouf,sgg:2408285
bf:55a9e6f380ec56430032820c,swigmonkey,swigmonkey,bf:55a9e6f380ec56430032820c
bf:602df9523db3d07c19d86ae7,Syndicate,Syndicate,bf:602df9523db3d07c19d86ae7
bf:5f0cf3becbf20c490eb4fa7d,T0M,T0M,bf:5f0cf3becbf20c490eb4fa7d
bf:60a5955444cea86cbcb2ebc2,Tanner,Tanner,bf:60a5955444cea86cbcb2ebc2
bf:5fb1e014eb92fe0475439152,TB273,TB273,bf:5fb1e014eb92fe0475439152 sgg:2498495
bf:60998e378fb69037bdd8e8ec,TBPL,TBPL,bf:60998e378fb69037bdd8e8ec
sgg:3077324,TEME,TEME,sgg:3077324
bf:5fb1cc6ee0bfea60c76a1385,Tenstrovski,Tenstrovski,bf:5fb1cc6ee0bfea60c76a1385
bf:5f176280381ccb11abff191f,terminetorK56,terminetorK56,bf:5f176280381ccb11abff191f
bf:5f0df84e824086475be264b7,Terror_de,Terror_de,bf:5f0df84e824086475be264b7
bf:5fa2011d11743771ade90dee,testo,testo,bf:5fa2011d11743771ade90dee
sgg:375061,Thanatron,Thanatron,sgg:375061
bf:601cf711ce01411daff6d2c9,The Ice Baron,The Ice Baron,bf:601cf711ce01411daff6d2c9
bf:5f0fb7319d4b3024dce6f17b,The_Advocator,The_Advocator,bf:5f0fb7319d4b3024dce6f17b
sgg:2380599,TheArticle,TheArticle,sgg:2380599
sgg:2518580,TheBearJew212,TheBearJew212,sgg:2518580
bf:609b70096b6b3d37fdd49225,TheFrenchHolyTemplar,LeGamerDuPalier / TheFrenchHolyTemplar,bf:609b70096b6b3d37fdd49225 sgg:2343330
sgg:2917660,themaruthnuts,themaruthnuts,sgg:2917660
bf:5fafe4c9eb92fe0475436826,TheMiltonBradley,TheMiltonBradley,bf:5fafe4c9eb92fe0475436826
sgg:2697202,Theresomthinginthedoor,Theresomthinginthedoor,sgg:2697202
bf:5f14582a341d821185ca59e8,TheStray,TheStray,bf:5f14582a341d821185ca59e8
bf:5fc1760a2dc8793ada853e83,Thetankman3,Thetankman3,bf:5fc1760a2dc8793ada853e83
bf:5fbfa6575d320863b86f10ec,think,think,bf:5fbfa6575d320863b86f10ec
bf:5fbeac15a447ab4bb37e116f,ThuggerJuice,ThuggerJuice,bf:5fbeac15a447ab4bb37e116f
bf:60763581b7083a45e0c65882,Thunder,Thunder / Thundershake,bf:60763581b7083a45e0c65882
bf:601c994b3b155711d4677d1b,Thunderhide Alpha,Thunderhide Alpha,bf:601c994b3b155711d4677d1b
sgg:2519625,Tibetan Sunshine,Tibetan Sunshine,sgg:2519625
bf:601d2fa3242f461d92104ad0,tief-pass,tief-pass,bf:601d2fa3242f461d92104ad0
bf:5f1a8cc8b4738624c42817ef,Tigerkater,Tigerkater,bf:5f1a8cc8b4738624c42817ef
bf:5dff9d39fafe5a70cf39ed01,Time to harsh your buzz!,Time to harsh your buzz!,bf:5dff9d39fafe5a70cf39ed01
bf:5f0e37b37c5e104738aebbe3,toDIEisGAIN,toDIEisGAIN,bf:5f0e37b37c5e104738aebbe3 sgg:2382169
sgg:2375403,Tofisow,Tofisow,sgg:2375403
bf:5f13328d77697711a235a704,TomatoMato,TomatoMato,bf:5f13328d77697711a235a704
bf:5e47e9a0f854af105e7ca35f,tominkorea,tominkorea,bf:5e47e9a0f854af105e7ca35f
bf:5fbe89b5043fd20cdf90cccf,tonywan,tonywan,bf:5fbe89b5043fd20cdf90cccf
bf:5fbf3d90adfefd64e8c91af1,tortunbator,tortunbator,bf:5fbf3d90adfefd64e8c91af1
bf:5f155f3577697711a235e552,total,total,bf:5f155f3577697711a235e552
bf:5fbf1ad71632970e916c627a,TowerNumberNine,TowerNumberNine,bf:5fbf1ad71632970e916c627a
bf:5fb3e6ddf07fad440734f71f,tr4cker,tr4cker,bf:5fb3e6ddf07fad440734f71f
bf:60509713496ba24d0604cc08,TreePipit,TreePipit / horus2,bf:60509713496ba24d0604cc08 sgg:2357460
bf:5f11e4c6160c3f2239e941f5,trevorj,trevorj,bf:5f11e4c6160c3f2239e941f5
bf:601e170e8b295778d1474505,TriggerMcHappy,TriggerMcHappy,bf:601e170e8b295778d1474505
sgg:2630669,True_North,True_North,sgg:2630669
bf:6064b09a65d11d138804412a,ttolpann,ttolpann,bf:6064b09a65d11d138804412a
sgg:2626492,Turkish_Panzer,Turkish_Panzer,sgg:2626492
bf:601c4a12e848ea2ae5565fa7,UappaSguappa,UappaSguappa,bf:601c4a12e848ea2ae5565fa7
bf:5f47aca042aba63789789166,UBCers,UBCers / ssfmak,bf:5f47aca042aba63789789166 sgg:2698420
bf:5d26bcf5c9bf6055b457dfb5,UkrainianKing,UkrainianKing,bf:5d26bcf5c9bf6055b457dfb5 bf:5f48888076b8305ffaa35d59
bf:5fbf17032dc8793ada852978,UltramanT80,UltramanT80,bf:5fbf17032dc8793ada852978
bf:5fbe970e26ea883a51583ac1,UnbearableMe,UnbearableMe,bf:5fbe970e26ea883a51583ac1
bf:601c66707d76ec1b99359336,Uncle_Gags,Uncle_Gags,bf:601c66707d76ec1b99359336
bf:5fbe84641632970e916c5996,unclefox,unclefox,bf:5fbe84641632970e916c5996
bf:5fbfaa4726ea883a5158435d,UnhappyRefrain,UnhappyRefrain,bf:5fbfaa4726ea883a5158435d
bf:6050d83f99327f4b6234ea93,Unit-R.X.,Unit-R.X.,bf:6050d83f99327f4b6234ea93
bf:60d7295878f6123d75383e7c,Unskilz,Unskilz,bf:60d7295878f6123d75383e7c
bf:60d2943851487a4eb222b13c,ursosentado,ursosentado,bf:60d2943851487a4eb222b13c
bf:5e889af67a9c4c10932a6ca9,usp45master,Usp45master / usp45master,bf:5e889af67a9c4c10932a6ca9
bf:5ec2a6dafd8a561535cde2a5,V0R0N92,V0R0N92,bf:5ec2a6dafd8a561535cde2a5 sgg:2504498
bf:59510971a6bcbb032c126dea,Vaas,Vaas,bf:59510971a6bcbb032c126dea
bf:5fa5397c241d875936d2c2f2,Vadim,Vadim / Vadim55,bf:5fa5397c241d875936d2c2f2 sgg:2386757
bf:601e7dd895780078daf3ed80,VadimPoltava,VadimPoltava,bf:601e7dd895780078daf3ed80
bf:5f3e11a1a3f8871d5075e3d0,Valar,Valar,bf:5f3e11a1a3f8871d5075e3d0
sgg:2621966,Vanguard,Cornishfamily / Vanguard,sgg:2621966
bf:5fc13c6e4a99f533280c7373,Vavilon6,Vavilon6,bf:5fc13c6e4a99f533280c7373
bf:60cb505451487a4eb2227f1a,Vector,Vector,bf:60cb505451487a4eb2227f1a
bf:5fa27e32f8fc171ea9f66940,vegetable,vegetable,bf:5fa27e32f8fc171ea9f66940
bf:5fb4d729f07fad44073509e4,Victrix,Victrix,bf:5fb4d729f07fad44073509e4
bf:60946d0dab3bf12889662245,VikingClog,VikingClog,bf:60946d0dab3bf12889662245
bf:5c4dca4fa9f6820352797666,VildeScarz,VildeScarz,bf:5c4dca4fa9f6820352797666 sgg:909151
bf:5ec038e2256baa1d38011a05,Vinny,Vinny / VinnySal,bf:5ec038e2256baa1d38011a05 sgg:2352057 sgg:872543
bf:5fbf516e2dc8793ada852a4c,VitalkaFS,VitalkaFS,bf:5fbf516e2dc8793ada852a4c
bf:5f17d573bcbe32117ff6fd03,Vitaly Gorbunov,Vitaly Gorbunov,bf:5f17d573bcbe32117ff6fd03
bf:5fb18ed99a9e750ea663cd33,Vitzekk,Vitzekk,bf:5fb18ed99a9e750ea663cd33
bf:5f153751eea71b24bc31458b,VLAD420,VLAD420,bf:5f153751eea71b24bc31458b
bf:601dff5114499975b676d7fb,Vladimir_the_Great,Vladimir_the_Great,bf:601dff5114499975b676d7fb
bf:5f122bf8b4738624c4273b13,VLTØR,VLTØR,bf:5f122bf8b4738624c4273b13
bf:6053f002ad6ed611fc644e6c,Voyageur,Voyageur,bf:6053f002ad6ed611fc644e6c
bf:5fb02c08698db1048d26ba0d,VReznov2137,VReznov2137,bf:5fb02c08698db1048d26ba0d
bf:6050dd83d164f74b8e7830f8,VyC,VyC,bf:6050dd83d164f74b8e7830f8
sgg:2625266,Waifu no Mikoto,Waifu no Mikoto,sgg:2625266
bf:5fc1741a4a3afe55318cf945,Waldemaras,Waldemaras,bf:5fc1741a4a3afe55318cf945
bf:601d724003f1bc1bc847aa4d,WarCrow,WarCrow,bf:601d724003f1bc1bc847aa4d
sgg:2631910,WarHammer,WarHammer,sgg:2631910
sgg:2520081,Wastecan,Wastecan,sgg:2520081
bf:5fbf9fa55d320863b86f10d6,watchmen,watchmen,bf:5fbf9fa55d320863b86f10d6
bf:5f3858c1b83d9d2bb0609265,wdhtu,wdhtu,bf:5f3858c1b83d9d2bb0609265
bf:5eb7670e5e789b4b50a06de2,WHEEL3R,WHEEL3R,bf:5eb7670e5e789b4b50a06de2
bf:607823b0c75b3f32bc89dbca,White Eagle,White Eagle,bf:607823b0c75b3f32bc89dbca sgg:2365763
bf:609c270f11d3b1710642d8d1,who-ra99,who-ra99,bf:609c270f11d3b1710642d8d1
bf:5f0cd40c3087a65e039603f4,wild_eyes,wild_eyes / wildeyes,bf:5f0cd40c3087a65e039603f4 sgg:2484259
bf:5fd0f538f2b2ef0cb211c66d,winman82,winman82,bf:5fd0f538f2b2ef0cb211c66d
bf:5fbfa9f0a2fd34654753c891,Wizard,Wizard,bf:5fbfa9f0a2fd34654753c891
bf:5fc24f00971c1811b1c037b0,Wladca,Wladca,bf:5fc24f00971c1811b1c037b0
sgg:3084767,WobbleTea,WobbleTea,sgg:3084767
bf:5fafeec6e7d89a60d4333722,wodandos,wodandos,bf:5fafeec6e7d89a60d4333722
bf:5f36cca903dbcc11d58d89d8,Wolnigree,Wolnigree,bf:5f36cca903dbcc11d58d89d8
bf:5f335b3e30b92e118dbc579e,WorldWarWhale,WorldWarWhale,bf:5f335b3e30b92e118dbc579e
bf:5fbf6f3f26ea883a515841f0,Wuhu_Airline,Wuhu_Airline,bf:5fbf6f3f26ea883a515841f0
sgg:2505109,Wyatt Durp,Wyatt Durp,sgg:2505109
bf:5f32919a74a4bd1196ff9509,wydsxl,wydsxl,bf:5f32919a74a4bd1196ff9509 sgg:2375299
bf:60d3562ba95cd94e9dae8adf,X-wing364,X-wing364,bf:60d3562ba95cd94e9dae8adf
bf:601dd93585cc4e75ecefaa9c,X_predator,X_predator,bf:601dd93585cc4e75ecefaa9c sgg:2507073
sgg:2504781,Xalulay Toddy,Xalulay Toddy,sgg:2504781
bf:5f12c35f8b375222593364f0,xareh90,xareh90,bf:5f12c35f8b375222593364f0
bf:5faffbe71632970e916b602a,xceroks,xceroks,bf:5faffbe71632970e916b602a
bf:601cb9e68f8ab5604536225b,xialang,xialang,bf:601cb9e68f8ab5604536225b
bf:609a95247051842cc80eec16,xinbot,Boxhero / xinbot,bf:609a95247051842cc80eec16
sgg:2382579,xyloser,xyloser,sgg:2382579
bf:609c2ec59c13276cd690f7f0,YagamiSunshine,YagamiSunshine,bf:609c2ec59c13276cd690f7f0
bf:5fc26afe6052f211a7127a71,yahya94,yahya94,bf:5fc26afe6052f211a7127a71
bf:5e6a39a3f1f90c345a8e7fcd,Yakin,Yakin,bf:5e6a39a3f1f90c345a8e7fcd
bf:5c3b6b20304450039e51c054,Yorrit,Yorrit / Yorrit48457,bf:5c3b6b20304450039e51c054 sgg:2377185
bf:5f0d9e4785aa4e37e911463c,You Need Jesus Christ,You Need Jesus Christ,bf:5f0d9e4785aa4e37e911463c
bf:5fbe96be698db1048d27b3e4,Youmu_chan,Youmu_chan,bf:5fbe96be698db1048d27b3e4
bf:5f32224b74a4bd1196ff8e97,yourBRO,yourBRO,bf:5f32224b74a4bd1196ff8e97
bf:5fbe91ca26ea883a51583aa4,yra111,yra111,bf:5fbe91ca26ea883a51583aa4
bf:5f11e67d85fecb25631448a0,yufzsy,yufzsy,bf:5f11e67d85fecb25631448a0
bf:5f469fbd9f8a441a768119af,yura,yura,bf:5f469fbd9f8a441a768119af
bf:5f3b1ebadd76a928dceca753,ZackXue,ZackXue,bf:5f3b1ebadd76a928dceca753
bf:5fbf8670698db1048d27bfda,zadkiel0508,zadkiel0508,bf:5fbf8670698db1048d27bfda
bf:5f4536884cbe7961ba1906fa,Zanderson30,Zanderson30,bf:5f4536884cbe7961ba1906fa
bf:6050d1a6cbd09156d261d712,zerroball8,zerroball8,bf:6050d1a6cbd09156d261d712
bf:5f0dfb2c7c4df3491abfc7a6,zhen,zhen,bf:5f0dfb2c7c4df3491abfc7a6
bf:5f36dc4b98f0a311ad32446c,Zig_Zag,Zig_Zag,bf:5f36dc4b98f0a311ad32446c
bf:60647b02521bb713377d6f5c,Zilda,Zilda,bf:60647b02521bb713377d6f5c
bf:5fc003a1b0ef7749130e5216,Zuasfadas,Zuasfadas,bf:5fc003a1b0ef7749130e5216
bf:601d8327ce01411daff6dde0,zvezda,zvezda,bf:601d8327ce01411daff6dde0
bf:60997c98fd7b226e186418a5,Zwe Marn Aung,Zwe Marn Aung,bf:60997c98fd7b226e186418a5
bf:5fb8387c1faa4843f941ba10,Álmos,Álmos,bf:5fb8387c1faa4843f941ba10
bf:6018722f6b7a4c1c7ef01779,"Котейка ПочтаЛион ""Каратель""","Котейка ПочтаЛион ""Каратель""",bf:6018722f6b7a4c1c7ef01779
bf:5f4a66a7629c8b6045fa11b9,Сэм,Сэм,bf:5f4a66a7629c8b6045fa11b9
bf:601e9d308392ff75fb351ffc,Хлебный Игрок,Хлебный Игрок,bf:601e9d308392ff75fb351ffc
bf:601d841d36ceeb11b32b8857,Чайный Игрок,Чайный Игрок,bf:601d841d36ceeb11b32b8857
bf:5f1566b0341d821185ca734b,Юрий,Юрий,bf:5f1566b0341d821185ca734b
sgg:2619898,たかみや なほ,たかみや なほ,sgg:2619898
sgg:2353966,ㅡㅠ,ㅡㅠ,sgg:2353966
bf:5fbfb8692dc8793ada852b8d,为啥起的名字都无效,为啥起的名字都无效,bf:5fbfb8692dc8793ada852b8d
bf:5fbf8fc55d320863b86f1086,共和国荣光,共和国荣光,bf:5fbf8fc55d320863b86f1086
sgg:3076346,冲矢猫,冲矢猫,sgg:3076346
bf:5fafaf199a9e750ea663a8e3,发牌员没马,发牌员没马,bf:5fafaf199a9e750ea663a8e3
sgg:2696041,变成光守护阿梓公主,变成光守护阿梓公主,sgg:2696041
bf:5fbfb4c7043fd20cdf90d6e1,唐努图什么,唐努图什么,bf:5fbfb4c7043fd20cdf90d6e1
bf:5fbef0d92dc8793ada8527a5,嘤嘤嘤,嘤嘤嘤,bf:5fbef0d92dc8793ada8527a5
bf:5f31e18d7bd80311ab780bcb,天之子将军,天之子将军,bf:5f31e18d7bd80311ab780bcb
bf:5fbf174c5d320863b86f0efc,如临深渊,如临深渊,bf:5fbf174c5d320863b86f0efc
sgg:2408269,常凯申队长,常凯申队长,sgg:2408269
bf:5f105658eac9482569fb2be4,张大彪,zhangdabiao / 张大彪,bf:5f105658eac9482569fb2be4
sgg:2620876,我是抖m,我是抖m,sgg:2620876
sgg:2485067,敦刻尔克没有白色,敦刻尔克没有白色,sgg:2485067
sgg:2699767,星熊勇儀,星熊勇儀,sgg:2699767
sgg:2624669,李秀佛,李秀佛,sgg:2624669
bf:5fbfc6e15d320863b86f1193,李鸿章,李鸿章,bf:5fbfc6e15d320863b86f1193
bf:5fbf62605d320863b86f0ff1,梁家河扛麦郎,梁家河扛麦郎,bf:5fbf62605d320863b86f0ff1
bf:5fbe860ca2fd34654753c09d,正宗重庆老友粉,正宗重庆老友粉,bf:5fbe860ca2fd34654753c09d
bf:601ccba636ceeb11b32b80ff,清水晴政,清水晴政 / 清水蘆花,bf:601ccba636ceeb11b32b80ff sgg:2708987
bf:5fbe830b26ea883a515839f5,炮灰no1,炮灰no1,bf:5fbe830b26ea883a515839f5
bf:5fbe971d0f21e57963852d08,牛头人杀手,牛头人杀手,bf:5fbe971d0f21e57963852d08
bf:5fa2992ef8fc171ea9f66a3e,犹似深闺梦中人,犹似深闺梦中人,bf:5fa2992ef8fc171ea9f66a3e
sgg:2938143,狐总命令往下传,狐总命令往下传,sgg:2938143
bf:5fbf4b25698db1048d27bdc9,白皮猪杀手,白皮猪杀手,bf:5fbf4b25698db1048d27bdc9
sgg:2388207,百里蒿,百里蒿,sgg:2388207
sgg:2803048,老毛eee,老毛eee,sgg:2803048
sgg:2409467,老虎不发猫,老虎不发猫,sgg:2409467 sgg:2428668
bf:5fc13c125d320863b86f1d60,聖訷殺,聖訷殺,bf:5fc13c125d320863b86f1d60
bf:60c9b27ea95cd94e9dae5da2,虚无主义,虚无主义,bf:60c9b27ea95cd94e9dae5da2 sgg:2805792
bf:5fc06376a447ab4bb37e29a7,西域战神阿凡提,西域战神阿凡提,bf:5fc06376a447ab4bb37e29a7
bf:5fa3973bf8fc171ea9f68255,辉辉呀,辉辉呀,bf:5fa3973bf8fc171ea9f68255
sgg:2483760,钟离梓,唐谨言 / 钟离梓,sgg:2483760
bf:5f3bc9efdbf742295bce0a9d,黑森公爵,黑森公爵,bf:5f3bc9efdbf742295bce0a9d
bf:5c4d3b7150078403fe2d5308,龍槍雷斯林(raslin2006),龍槍雷斯林(raslin2006),bf:5c4d3b7150078403fe2d5308
