player_id,name,matches,wins,expected,diff,z,first,last,recent_n,recent_wins,recent_expected,recent_diff,recent_z
bf:564e7b5b80b8db4a00c4ff9c,Jking7,179,119,115.5,3.5,0.55,2020-08,2025-10,11,6,6.9,-0.9,-0.59
bf:673f9e78237e35004096e4c6,老虎不发猫,161,86,83.9,2.1,0.34,2020-12,2025-07,16,10,9.3,0.7,0.38
bf:5ec038e2256baa1d38011a05,Vinny,155,86,82.1,3.9,0.64,2021-02,2024-11,7,5,4.0,1.0,0.74
bf:673f9ae481b1a20036ec0786,Noein5,154,86,94.1,-8.1,-1.37,2021-06,2026-02,43,24,27.1,-3.1,-0.99
bf:5fb3184d9a9e750ea663e423,killswitch,134,72,72.3,-0.3,-0.06,2021-10,2025-12,11,6,5.6,0.4,0.26
bf:5fa467df4eb3c2458669c29a,Berto Burrito,112,67,65.6,1.4,0.28,2021-01,2025-10,15,7,8.4,-1.4,-0.73
bf:673f99d8a144d7002b2e28a0,Head,111,58,61.8,-3.8,-0.75,2022-06,2024-11,22,11,12.9,-1.9,-0.85
bf:673f9726a144d7002b2e2888,Bezio,107,65,62.9,2.1,0.43,2022-12,2024-11,13,4,7.9,-3.9,-2.25
bf:60509713496ba24d0604cc08,TreePipit,96,41,46.4,-5.4,-1.11,2021-10,2024-12,15,9,7.1,1.9,0.98
bf:673f95f8744fee00353bc808,66better,92,49,47.5,1.5,0.32,2023-06,2026-08,48,24,26.6,-2.6,-0.76
bf:5eb65df574f31a11dd226b38,Darkness,89,55,52.4,2.6,0.56,2020-08,2022-11,0,0,0.0,0.0,0.0
bf:673f9eb0237e35004096e4ca,钟离梓,88,58,50.6,7.4,1.62,2021-08,2025-02,9,5,5.4,-0.4,-0.25
bf:673f9c6789b5530023006e53,xyloser,85,56,47.3,8.7,1.94,2020-11,2026-06,25,15,14.6,0.4,0.17
sgg:2616063,baron von glower,83,38,38.6,-0.6,-0.14,2022-01,2024-03,0,0,0.0,0.0,0.0
bf:5f362c8703dbcc11d58d78e3,Kolbasnik,82,47,42.0,5.0,1.13,2021-04,2022-11,0,0,0.0,0.0,0.0
bf:673f9bcd89b5530023006e4d,Spoker,73,48,39.7,8.3,1.98,2023-07,2025-12,31,21,18.6,2.4,0.87
bf:5ebd9402b92b28521a098ec8,Innocent Bubbles,69,34,37.0,-3.0,-0.72,2020-09,2024-11,1,0,0.6,-0.6,-1.2
bf:673f9e64237e35004096e4c4,禁忌之门,69,39,38.1,0.9,0.23,2023-11,2026-08,65,37,36.2,0.8,0.19
bf:5ec99a6d5cb5d5345c7fdf7c,AriBigBehn,64,30,35.3,-5.3,-1.34,2020-08,2023-04,0,0,0.0,0.0,0.0
sgg:2388207,百里蒿,64,38,34.3,3.7,0.95,2021-08,2023-11,0,0,0.0,0.0,0.0
bf:673f997c70390c0041722f8c,guorq123456,63,42,35.4,6.6,1.72,2022-06,2024-12,15,11,8.6,2.4,1.27
bf:5f109d917a5f692572240090,John_Px,63,35,34.4,0.6,0.14,2021-02,2023-10,0,0,0.0,0.0,0.0
bf:5fb42443a2fd346547530b2e,RED SUN,61,21,28.1,-7.1,-1.84,2021-05,2024-11,7,4,3.2,0.8,0.64
ch:七海千秋,七海千秋,61,33,31.4,1.6,0.42,2023-02,2026-02,20,11,11.1,-0.1,-0.05
bf:5fb1e014eb92fe0475439152,TB273,59,31,29.4,1.6,0.43,2022-07,2023-11,0,0,0.0,0.0,0.0
ch:sie_,Sie_,58,39,31.5,7.5,2.02,2025-02,2026-08,58,39,31.5,7.5,2.02
ch:eszemteszem,eszemteszem,58,26,28.5,-2.5,-0.66,2023-04,2025-12,18,6,9.3,-3.3,-1.57
bf:673f98f370390c0041722f81,Dr.Leo,57,37,31.3,5.7,1.56,2022-05,2025-07,17,8,9.7,-1.7,-0.84
bf:673f9be589b5530023006e4f,Stanislav,54,31,26.5,4.5,1.25,2023-05,2024-12,8,7,4.0,3.0,2.17
bf:5fa57306cc28b3594394b946,Liszt,53,23,24.1,-1.1,-0.31,2021-07,2023-10,0,0,0.0,0.0,0.0
bf:673f9c8c2ea3530021c8da11,不是空心神,52,25,25.5,-0.5,-0.14,2024-05,2026-08,48,24,24.0,0.0,0.01
bf:673f964570390c0041722f72,bamboo,51,27,26.3,0.7,0.19,2021-10,2024-11,5,2,2.7,-0.7,-0.63
bf:673f99e1a144d7002b2e28a2,henry449856878,50,29,26.7,2.3,0.67,2022-09,2026-08,37,21,20.3,0.7,0.23
bf:5eb62f23aefaaf170fa23f33,BlueCCG,47,21,25.7,-4.7,-1.38,2020-08,2023-05,0,0,0.0,0.0,0.0
bf:5fa27bfdf8fc171ea9f66924,CalinBZ,46,22,20.3,1.7,0.51,2021-05,2024-12,8,6,4.0,2.0,1.42
bf:57b5a7ffabd8181c0cfdf304,CaptainA,46,20,21.2,-1.2,-0.37,2021-02,2023-10,0,0,0.0,0.0,0.0
bf:5bef1fd422a55803cb340a40,OHxCORNGUY,45,27,23.0,4.0,1.23,2021-11,2023-12,0,0,0.0,0.0,0.0
bf:5fb02943698db1048d26b9cd,Bison,45,21,22.4,-1.4,-0.41,2021-10,2024-01,0,0,0.0,0.0,0.0
bf:5a4d98c332953903641106de,freddie,45,21,21.7,-0.7,-0.22,2022-10,2024-02,0,0,0.0,0.0,0.0
bf:5fa3973bf8fc171ea9f68255,辉辉呀,44,30,25.4,4.6,1.43,2020-09,2022-11,0,0,0.0,0.0,0.0
bf:5f0cd40c3087a65e039603f4,wild_eyes,43,18,22.7,-4.7,-1.46,2020-08,2023-10,0,0,0.0,0.0,0.0
bf:673f99e9a144d7002b2e28a4,hqt18,42,29,22.9,6.1,1.93,2023-08,2025-12,33,24,18.9,5.1,1.82
bf:673f9930237e35004096e4ad,Gat0,42,20,22.1,-2.1,-0.65,2021-10,2024-11,3,1,1.8,-0.8,-0.89
bf:673f9cc689b5530023006e64,变成光守护阿梓公主,41,22,20.7,1.3,0.41,2022-04,2026-02,14,6,7.1,-1.1,-0.57
sgg:2917089,金轮会怎么做 (Jinlun),40,22,19.8,2.2,0.72,2022-05,2023-05,0,0,0.0,0.0,0.0
bf:673f9c032ea3530021c8da09,Thanatron,40,19,19.5,-0.5,-0.15,2021-09,2024-11,4,2,2.0,-0.0,-0.02
ch:失其本心八幡,失其本心八幡 (Hachiman),39,29,20.7,8.3,2.72,2025-10,2026-08,39,29,20.7,8.3,2.72
bf:5f0e37b37c5e104738aebbe3,toDIEisGAIN,39,16,19.2,-3.2,-1.03,2020-09,2022-05,0,0,0.0,0.0,0.0
sgg:2930602,Piłsudski,39,23,20.1,2.9,0.96,2022-07,2023-12,0,0,0.0,0.0,0.0
sgg:2519403,我开天王炸,37,23,19.9,3.1,1.06,2021-04,2023-01,0,0,0.0,0.0,0.0
bf:60647b02521bb713377d6f5c,Zilda,37,19,17.2,1.8,0.6,2021-02,2022-01,0,0,0.0,0.0,0.0
bf:673f98c7237e35004096e4a4,dandelion882691,36,27,18.6,8.4,2.85,2023-10,2025-12,15,11,8.5,2.5,1.32
ch:作死的骡博,作死的骡博 (Radish),36,28,19.7,8.3,2.84,2025-04,2026-04,36,28,19.7,8.3,2.84
bf:673f9e86744fee00353bc83c,至死方休,36,14,17.0,-3.0,-1.0,2024-11,2026-08,36,14,17.0,-3.0,-1.0
ch:2598252160,2598252160,36,20,18.3,1.7,0.59,2024-11,2026-08,36,20,18.3,1.7,0.59
sgg:2621073,dian,36,20,18.7,1.3,0.45,2022-01,2024-07,0,0,0.0,0.0,0.0
bf:673f9ced89b5530023006e66,赫宝赫宝我爱你,32,21,17.1,3.9,1.4,2024-09,2026-06,32,21,17.1,3.9,1.4
bf:5fa5ede611743771ade94108,ComTruise,32,18,16.0,2.0,0.72,2020-12,2021-12,0,0,0.0,0.0,0.0
ch:圆寂都察院,圆寂都察院 (Godyuan),32,17,15.5,1.5,0.53,2022-09,2023-11,0,0,0.0,0.0,0.0
bf:5fa62937c3c163598ec80783,CCMS-031,31,23,16.1,6.9,2.52,2021-01,2022-11,0,0,0.0,0.0,0.0
sgg:2803542,kumashin76,31,14,15.6,-1.6,-0.58,2021-12,2023-10,0,0,0.0,0.0,0.0
bf:5fa5397c241d875936d2c2f2,Vadim,30,11,13.0,-2.0,-0.75,2021-06,2022-11,0,0,0.0,0.0,0.0
ch:evergardenxciv,EverGardenXCIV,28,18,14.0,4.0,1.54,2022-02,2023-01,0,0,0.0,0.0,0.0
bf:5f32c6147bd80311ab78193f,petriachor,28,10,13.5,-3.5,-1.35,2020-11,2024-11,4,1,2.0,-1.0,-0.97
bf:5ebea2fd1eafc755976c161a,Drogear,28,11,12.9,-1.9,-0.73,2020-10,2023-10,0,0,0.0,0.0,0.0
ch:下北泽臭小子,青柠梦,27,14,12.1,1.9,0.74,2023-09,2024-09,8,6,4.1,1.9,1.4
bf:673f9bee81b1a20036ec0792,Takao,27,13,13.7,-0.7,-0.28,2024-03,2025-02,21,10,10.9,-0.9,-0.4
ch:syswdsr,syswdsr,26,15,12.4,2.6,1.03,2025-04,2026-04,26,15,12.4,2.6,1.03
bf:673f9c4181b1a20036ec0796,Twi Dcargo,26,16,13.5,2.5,1.01,2024-11,2025-12,26,16,13.5,2.5,1.01
ch:爱欣欣欣欣,爱欣欣欣欣,26,11,13.0,-2.0,-0.8,2024-09,2026-08,26,11,13.0,-2.0,-0.8
bf:57101bc80b3b0f8312f27ec5,Socialist,25,11,13.5,-2.5,-1.02,2021-10,2024-11,1,0,0.6,-0.6,-1.23
ch:hojoto,旮旯给木高手,25,14,12.1,1.9,0.76,2025-10,2026-08,25,14,12.1,1.9,0.76
bf:673f990470390c0041722f86,Egoroff,25,11,12.4,-1.4,-0.56,2024-11,2026-08,25,11,12.4,-1.4,-0.56
bf:5fa2011d11743771ade90dee,gabo,25,13,13.0,0.0,0.02,2021-02,2021-12,0,0,0.0,0.0,0.0
ch:UwU_moi,UwU_Moi,23,14,10.8,3.2,1.36,2023-01,2023-06,0,0,0.0,0.0,0.0
sgg:2706665,Emil,23,13,11.0,2.0,0.83,2022-05,2023-01,0,0,0.0,0.0,0.0
ch:椎名ましろ,椎名ましろ,23,13,11.8,1.2,0.51,2025-02,2026-06,23,13,11.8,1.2,0.51
sgg:2483500,charlin1805,23,12,11.5,0.5,0.2,2020-12,2021-10,0,0,0.0,0.0,0.0
ch:一方,一方,23,11,11.4,-0.4,-0.19,2024-09,2025-10,23,11,11.4,-0.4,-0.19
ch:拉菲艾拉,拉菲艾拉,23,11,11.2,-0.2,-0.07,2025-02,2026-08,23,11,11.2,-0.2,-0.07
bf:5f113e2cd04bae257fc195f6,RafcKen7,22,9,10.2,-1.2,-0.51,2020-11,2022-06,0,0,0.0,0.0,0.0
bf:673f9c552ea3530021c8da0d,winnerwillwin,21,9,9.5,-0.5,-0.2,2024-02,2025-04,12,7,5.7,1.3,0.75
sgg:2351757,芥末~,21,10,10.0,0.0,0.01,2021-06,2021-11,0,0,0.0,0.0,0.0
bf:6070a8022fd5451122c65ae8,apara,20,5,9.4,-4.4,-2.02,2021-09,2024-01,0,0,0.0,0.0,0.0
bf:673f9925237e35004096e4ab,freelikai,20,8,9.4,-1.4,-0.62,2024-11,2025-07,20,8,9.4,-1.4,-0.62
sgg:2494008,Viebator,20,12,10.7,1.3,0.58,2021-10,2022-01,0,0,0.0,0.0,0.0
ch:煎饼1,煎饼1,20,10,9.2,0.8,0.35,2024-06,2026-02,19,10,8.8,1.2,0.56
sgg:2499155,Cyril Morrigane,19,12,8.5,3.5,1.62,2021-05,2021-10,0,0,0.0,0.0,0.0
bf:673f9ca92ea3530021c8da13,原子吐息,19,7,9.0,-2.0,-0.94,2024-11,2026-06,19,7,9.0,-2.0,-0.94
ch:pytorch,pytorch,19,10,8.3,1.7,0.78,2023-03,2023-12,0,0,0.0,0.0,0.0
bf:5fb7473c502b9e587d1becbe,ILoveMooncake,19,8,9.6,-1.6,-0.75,2021-02,2022-11,0,0,0.0,0.0,0.0
bf:601d72b8945ba61bbd9b6b3e,JamesJimRaynor,19,9,9.7,-0.7,-0.31,2021-02,2021-08,0,0,0.0,0.0,0.0
sgg:2486950,9tribez,18,12,8.7,3.3,1.58,2021-05,2021-10,0,0,0.0,0.0,0.0
bf:673f9b382ea3530021c8d9fd,Rara88,18,7,8.3,-1.3,-0.64,2022-10,2024-11,6,2,3.1,-1.1,-0.92
bf:5fa27e32f8fc171ea9f66940,cu元素收集大师,17,12,7.9,4.1,2.04,2021-05,2022-11,0,0,0.0,0.0,0.0
sgg:2488448,装甲航空驱逐舰大凤,17,10,7.4,2.6,1.25,2021-06,2021-10,0,0,0.0,0.0,0.0
bf:5fa3da8e11743771ade92018,Spooz,17,6,7.9,-1.9,-0.94,2021-02,2022-10,0,0,0.0,0.0,0.0
bf:673f9ac72ea3530021c8d9f2,nadoka,17,7,8.4,-1.4,-0.69,2023-10,2024-11,9,3,4.6,-1.6,-1.11
ch:akgz,akgz,17,7,8.3,-1.3,-0.63,2026-02,2026-08,17,7,8.3,-1.3,-0.63
ch:gragon123,Gragon123,17,8,7.6,0.4,0.21,2023-09,2023-11,0,0,0.0,0.0,0.0
ch:leps,leps,17,8,7.6,0.4,0.21,2023-10,2023-12,0,0,0.0,0.0,0.0
sgg:2483808,ApeGo,17,9,8.8,0.2,0.09,2021-10,2023-10,0,0,0.0,0.0,0.0
bf:673f97e4a144d7002b2e288b,citrus,17,8,8.0,0.0,0.02,2022-10,2024-11,3,1,1.5,-0.5,-0.55
sgg:2493663,FaiRNess,16,13,7.8,5.2,2.66,2021-05,2021-10,0,0,0.0,0.0,0.0
ch:a15159675088,a15159675088,16,12,7.8,4.2,2.11,2021-10,2022-10,0,0,0.0,0.0,0.0
ch:落寒尘,落寒尘,16,4,7.9,-3.9,-1.98,2023-10,2026-04,9,2,4.9,-2.9,-1.94
sgg:2486589,孙笑川258,16,11,8.2,2.8,1.4,2021-10,2022-10,0,0,0.0,0.0,0.0
ch:说的道理,说的道理,16,10,7.7,2.3,1.18,2025-10,2026-08,16,10,7.7,2.3,1.18
ch:卡牌的力量,卡牌的力量 (card),16,10,8.0,2.0,1.0,2026-04,2026-08,16,10,8.0,2.0,1.0
bf:5f3fc42472caf64e0f2b589c,Shiva's,16,5,7.0,-2.0,-0.99,2021-08,2023-10,0,0,0.0,0.0,0.0
sgg:2483698,ZhanYun,16,10,8.1,1.9,0.95,2021-10,2022-11,0,0,0.0,0.0,0.0
ch:zds,ZDS,16,10,8.1,1.9,0.94,2022-05,2022-10,0,0,0.0,0.0,0.0
bf:5b38c676cbd82c03a4f28e8f,doge34,16,7,8.6,-1.6,-0.79,2020-09,2024-11,3,1,1.8,-0.8,-0.92
sgg:2801104,Chistyi,16,9,7.6,1.4,0.72,2022-06,2022-11,0,0,0.0,0.0,0.0
sgg:2498198,Casti,15,4,7.8,-3.8,-1.98,2021-10,2023-11,0,0,0.0,0.0,0.0
bf:5fbfb60f1632970e916c6544,rayson366458,15,5,7.6,-2.6,-1.35,2022-10,2024-11,4,2,2.1,-0.1,-0.09
bf:5fa31ac6f8fc171ea9f67c43,hayes,15,6,7.6,-1.6,-0.83,2021-07,2023-10,0,0,0.0,0.0,0.0
sgg:2917562,General Ganja,15,6,7.3,-1.3,-0.66,2022-07,2023-08,0,0,0.0,0.0,0.0
sgg:3076346,冲矢猫,15,7,8.1,-1.1,-0.6,2022-11,2025-02,5,2,2.9,-0.9,-0.8
bf:602d5acba74cc17c31b7d9af,Nyarlathotep,15,6,7.0,-1.0,-0.53,2021-02,2022-10,0,0,0.0,0.0,0.0
bf:673f9813a144d7002b2e288d,Counting Stars,15,8,7.2,0.8,0.44,2021-08,2024-11,7,4,3.7,0.3,0.24
bf:673f9bc489b5530023006e4b,Spellbreaker,15,7,6.2,0.8,0.44,2024-09,2024-11,15,7,6.2,0.8,0.44
bf:5d4eae596c2b2139a67ce680,herr_punpun,15,7,7.5,-0.5,-0.27,2021-10,2023-04,0,0,0.0,0.0,0.0
bf:5fbe8c402dc8793ada8519d5,Der_Admiral,15,8,7.6,0.4,0.22,2022-11,2023-10,0,0,0.0,0.0,0.0
ch:adorable_hunter,Adorable_Hunter,14,8,6.3,1.7,0.93,2024-01,2024-10,4,2,1.9,0.1,0.07
ch:yuehaiting-secretary,Yuehaiting-secretary,14,6,6.6,-0.6,-0.32,2026-02,2026-06,14,6,6.6,-0.6,-0.32
bf:5fbef0d92dc8793ada8527a5,嘤嘤嘤 (Ying),14,6,6.4,-0.4,-0.24,2022-10,2023-06,0,0,0.0,0.0,0.0
ch:chaos,Chaos,14,8,7.6,0.4,0.22,2023-08,2023-11,0,0,0.0,0.0,0.0
sgg:2483739,softcore gamer,14,6,6.1,-0.1,-0.05,2021-08,2021-11,0,0,0.0,0.0,0.0
bf:5f0df84e824086475be264b7,Terror_de,13,4,6.4,-2.4,-1.33,2021-04,2024-11,4,2,2.0,-0.0,-0.02
sgg:2924951,AndYetItMoves,13,9,6.9,2.1,1.19,2022-08,2024-01,0,0,0.0,0.0,0.0
bf:673f9b982ea3530021c8da03,Sean,13,4,6.1,-2.1,-1.16,2023-10,2024-11,6,2,3.0,-1.0,-0.78
bf:673f996f70390c0041722f8a,guest,13,8,6.0,2.0,1.14,2024-11,2025-04,13,8,6.0,2.0,1.14
ch:不要偷袭我的珍珠港哟,不要偷袭我的珍珠港哟,13,4,5.9,-1.9,-1.08,2024-09,2024-11,13,4,5.9,-1.9,-1.08
ch:ghost,Ghost,13,4,5.6,-1.6,-0.91,2023-07,2023-10,0,0,0.0,0.0,0.0
ch:虚竹太岁,虚竹太岁,13,8,6.4,1.6,0.89,2023-12,2024-03,0,0,0.0,0.0,0.0
ch:cianeled,cianeled,13,7,5.7,1.3,0.75,2026-02,2026-08,13,7,5.7,1.3,0.75
sgg:2498370,Garf ABC Albert,13,8,6.7,1.3,0.74,2021-10,2022-04,0,0,0.0,0.0,0.0
bf:673f9d032ea3530021c8da15,孤独的时间旅客,13,5,6.1,-1.1,-0.59,2024-07,2024-11,11,5,5.2,-0.2,-0.11
sgg:2493529,SChickEN,13,6,6.5,-0.5,-0.25,2021-10,2022-10,0,0,0.0,0.0,0.0
ch:yaoliu,YaoLiu,13,6,5.6,0.4,0.2,2023-10,2023-12,0,0,0.0,0.0,0.0
ch:梓阳啊,梓阳啊 (Ziyang),13,6,5.9,0.1,0.06,2023-03,2023-06,0,0,0.0,0.0,0.0
sgg:2494770,Dietrih,12,2,5.1,-3.1,-1.84,2021-10,2022-02,0,0,0.0,0.0,0.0
ch:顶级大厨,顶级大厨,12,4,6.1,-2.1,-1.22,2023-05,2025-04,6,3,3.5,-0.5,-0.39
bf:5fbeb056698db1048d27b5bd,Stuie,12,4,5.9,-1.9,-1.09,2021-10,2021-12,0,0,0.0,0.0,0.0
ch:choas,choas,12,7,5.4,1.6,0.92,2023-05,2023-07,0,0,0.0,0.0,0.0
bf:673f9a0970390c0041722f91,Intradiction,12,7,5.5,1.5,0.9,2023-10,2024-12,7,4,3.4,0.6,0.43
ch:基准线,基准线,12,4,5.3,-1.3,-0.75,2025-10,2026-06,12,4,5.3,-1.3,-0.75
ch:万仇甜瓜,万仇甜瓜,12,7,6.0,1.0,0.58,2022-04,2022-06,0,0,0.0,0.0,0.0
bf:673f97d94a0be0002cae45de,ChaoticPo1soN,12,5,5.7,-0.7,-0.42,2023-08,2024-11,6,3,3.2,-0.2,-0.18
bf:673f95ef237e35004096e492,[CN]lgyouch,12,5,5.6,-0.6,-0.36,2021-10,2024-11,1,1,0.6,0.4,0.82
ch:70714,70714,12,6,5.4,0.6,0.34,2026-02,2026-04,12,6,5.4,0.6,0.34
bf:673f9e2f237e35004096e4c2,水下玩家,12,6,5.5,0.5,0.28,2024-09,2024-11,12,6,5.5,0.5,0.28
bf:673f98fb70390c0041722f84,Echidna,12,5,5.4,-0.4,-0.21,2023-10,2024-11,7,4,3.3,0.7,0.51
ch:dhhcofn,Dhhcofn,12,6,5.7,0.3,0.17,2026-04,2026-06,12,6,5.7,0.3,0.17
ch:0.0,0.0,11,8,4.2,3.8,2.42,2023-10,2023-10,0,0,0.0,0.0,0.0
sgg:3077324,TEME,11,2,5.6,-3.6,-2.17,2022-10,2023-10,0,0,0.0,0.0,0.0
bf:607823b0c75b3f32bc89dbca,WhiteEagle_,11,7,5.0,2.0,1.19,2021-05,2021-10,0,0,0.0,0.0,0.0
bf:5c4d3b7150078403fe2d5308,龍槍雷斯林,11,4,5.2,-1.2,-0.76,2021-05,2024-11,1,1,0.6,0.4,0.83
ch:rrrita,RRRita,11,6,5.0,1.0,0.59,2021-05,2023-12,0,0,0.0,0.0,0.0
sgg:2483756,天狗Vincent,11,4,4.9,-0.9,-0.56,2021-09,2021-10,0,0,0.0,0.0,0.0
bf:5f32f48419fcf2666b2abff1,kowalski,11,4,4.5,-0.5,-0.32,2021-02,2021-11,0,0,0.0,0.0,0.0
ch:风尾二胡,风尾二胡 (Kazao),11,4,4.1,-0.1,-0.08,2024-02,2024-05,0,0,0.0,0.0,0.0
ch:二月叶,二月叶,10,7,4.0,3.0,2.01,2023-10,2023-10,0,0,0.0,0.0,0.0
ch:懿凌,懿凌,10,2,4.4,-2.4,-1.57,2023-04,2023-08,0,0,0.0,0.0,0.0
sgg:2485067,敦刻尔克没有白色,10,7,4.6,2.4,1.53,2021-10,2021-10,0,0,0.0,0.0,0.0
bf:673f9a2770390c0041722f93,Joshua,10,3,4.8,-1.8,-1.19,2023-02,2024-11,5,2,2.5,-0.5,-0.46
ch:算什么男人,算什么男人,10,6,4.4,1.6,1.01,2022-03,2022-04,0,0,0.0,0.0,0.0
ch:竹将军,竹将军,10,6,4.5,1.5,0.93,2026-06,2026-08,10,6,4.5,1.5,0.93
ch:e我不到啊,e我不到啊,10,4,4.7,-0.7,-0.46,2026-02,2026-08,10,4,4.7,-0.7,-0.46
bf:603cfe1ab328151e11b92549,buzzAldrin,10,4,4.5,-0.5,-0.35,2021-05,2021-11,0,0,0.0,0.0,0.0
bf:673f9e48744fee00353bc834,游戏就是现实哪,10,4,4.5,-0.5,-0.35,2024-11,2025-04,10,4,4.5,-0.5,-0.35
bf:673f9a8d89b5530023006e39,Langweiling,10,5,4.6,0.4,0.23,2024-11,2024-11,10,5,4.6,0.4,0.23
sgg:3091901,Rock-n-Roll,10,5,5.3,-0.3,-0.22,2022-10,2023-10,0,0,0.0,0.0,0.0
ch:sob-liu,SOB-liu,10,4,4.3,-0.3,-0.2,2026-02,2026-08,10,4,4.3,-0.3,-0.2
ch:玉林捕狗大队长,玉林捕狗大队长,10,4,4.3,-0.3,-0.18,2024-02,2024-03,0,0,0.0,0.0,0.0
ch:dchukov,dchukov,10,4,3.9,0.1,0.08,2023-10,2023-11,0,0,0.0,0.0,0.0
sgg:2494716,gotoh,10,5,4.9,0.1,0.06,2021-10,2021-11,0,0,0.0,0.0,0.0
ch:只是做了点微小的工作,只是做了点微小的工作,9,7,3.2,3.8,2.66,2023-08,2023-08,0,0,0.0,0.0,0.0
ch:提尔比茨,提尔比茨,9,7,3.6,3.4,2.36,2023-10,2023-10,0,0,0.0,0.0,0.0
sgg:2709342,MoERo,9,6,3.4,2.6,1.79,2023-10,2023-10,0,0,0.0,0.0,0.0
bf:673f9e8f70390c0041722fa4,莱因哈特舍尔BK,9,2,4.3,-2.3,-1.54,2022-10,2024-11,2,0,1.1,-1.1,-1.5
sgg:3082773,caswess4,9,2,4.2,-2.2,-1.46,2022-10,2023-05,0,0,0.0,0.0,0.0
ch:uiouuf,UIOUUF,9,6,3.9,2.1,1.42,2025-07,2025-10,9,6,3.9,2.1,1.42
ch:070714,070714,9,2,4.1,-2.1,-1.39,2025-07,2026-06,9,2,4.1,-2.1,-1.39
ch:琪露诺,琪露诺,9,5,3.9,1.1,0.75,2025-02,2025-04,9,5,3.9,1.1,0.75
ch:加藤惠,加藤惠,9,5,3.9,1.1,0.74,2021-06,2022-03,0,0,0.0,0.0,0.0
sgg:2621982,norouisd,9,5,3.9,1.1,0.71,2022-04,2022-05,0,0,0.0,0.0,0.0
ch:言海诺,言海诺,9,3,4.0,-1.0,-0.68,2024-09,2025-02,9,3,4.0,-1.0,-0.68
bf:673f98d9237e35004096e4a7,Darjeeling,9,5,4.0,1.0,0.66,2024-09,2024-11,9,5,4.0,1.0,0.66
sgg:3082033,,9,5,4.1,0.9,0.62,2022-10,2022-11,0,0,0.0,0.0,0.0
bf:5fb1cc6ee0bfea60c76a1385,Tenstrovski,9,5,4.3,0.7,0.47,2021-05,2021-10,0,0,0.0,0.0,0.0
ch:张小臣,张小臣,9,4,3.7,0.3,0.23,2025-04,2025-07,9,4,3.7,0.3,0.23
bf:60ae60e26dada66f5e2a9239,ERB0L,9,4,4.3,-0.3,-0.19,2021-05,2021-11,0,0,0.0,0.0,0.0
ch:cirno,Cirno,9,4,3.9,0.1,0.09,2026-06,2026-08,9,4,3.9,0.1,0.09
ch:symbol,symbol,9,4,4.1,-0.1,-0.07,2023-10,2023-10,0,0,0.0,0.0,0.0
ch:pdc2018,PDC 2018,8,6,2.8,3.2,2.43,2023-10,2023-10,0,0,0.0,0.0,0.0
sgg:2494304,Zlap,8,1,3.7,-2.7,-1.95,2021-10,2022-10,0,0,0.0,0.0,0.0
ch:a迷茫的小超梦,A迷茫的小超梦,8,5,3.1,1.9,1.37,2022-11,2022-12,0,0,0.0,0.0,0.0
ch:sstldb,sstldb,8,5,3.3,1.7,1.25,2024-01,2024-04,0,0,0.0,0.0,0.0
ch:hpph,hpph,8,5,3.4,1.6,1.16,2026-06,2026-08,8,5,3.4,1.6,1.16
ch:我永远都是中国人,我永远都是中国人,8,2,3.3,-1.3,-0.96,2025-10,2026-02,8,2,3.3,-1.3,-0.96
bf:5fbf8670698db1048d27bfda,Mizuyu,8,5,3.9,1.1,0.8,2021-10,2021-10,0,0,0.0,0.0,0.0
ch:且战且退的巴甫洛夫,且战且退的巴甫洛夫,8,4,3.1,0.9,0.67,2023-10,2023-10,0,0,0.0,0.0,0.0
bf:5fbf6ade2dc8793ada852a75,Stalinlism,8,5,4.3,0.7,0.5,2021-10,2021-10,0,0,0.0,0.0,0.0
ch:阔爱的汤圆酱,阔爱的汤圆酱,8,3,3.7,-0.7,-0.48,2022-09,2022-12,0,0,0.0,0.0,0.0
bf:673f9ab081b1a20036ec0782,MłynekDoKawy,8,3,3.7,-0.7,-0.47,2024-11,2024-11,8,3,3.7,-0.7,-0.47
ch:woofbark,Wo of Bark,8,3,3.5,-0.5,-0.38,2023-10,2023-11,0,0,0.0,0.0,0.0
bf:5f4318d1681ff84ab5ec92f9,Sidecrawler,8,4,3.6,0.4,0.27,2021-06,2022-10,0,0,0.0,0.0,0.0
sgg:3076926,Balguard,8,3,3.4,-0.4,-0.26,2022-10,2022-10,0,0,0.0,0.0,0.0
ch:robber57,ROBBER57,8,4,3.7,0.3,0.24,2021-05,2021-07,0,0,0.0,0.0,0.0
bf:5f130139f7c29f223fd64290,Fenrir,8,4,3.8,0.2,0.16,2021-05,2022-05,0,0,0.0,0.0,0.0
ch:haoliang,HaoLiang,7,0,2.8,-2.8,-2.23,2023-10,2023-11,0,0,0.0,0.0,0.0
ch:Wanghongwen,电棍儿,7,0,2.5,-2.5,-2.04,2022-12,2023-06,0,0,0.0,0.0,0.0
ch:susaad,susaad,7,1,3.4,-2.4,-1.84,2023-10,2023-10,0,0,0.0,0.0,0.0
sgg:2216816,HarleyUK,7,1,3.3,-2.3,-1.75,2022-08,2023-11,0,0,0.0,0.0,0.0
ch:daizal,Daizal,7,1,3.2,-2.2,-1.66,2023-10,2023-10,0,0,0.0,0.0,0.0
ch:gt_bed,GT_bed,7,5,2.9,2.1,1.65,2026-06,2026-06,7,5,2.9,2.1,1.65
ch:transpotting,Transpotting,7,5,2.9,2.1,1.58,2023-02,2023-02,0,0,0.0,0.0,0.0
bf:673f9d60744fee00353bc82a,打斐济,7,1,3.1,-2.1,-1.58,2024-11,2024-11,7,1,3.1,-2.1,-1.58
ch:m4n,m4n,7,5,3.2,1.8,1.36,2024-09,2024-09,7,5,3.2,1.8,1.36
ch:黎星。,黎星。,7,5,3.3,1.7,1.33,2021-09,2021-09,0,0,0.0,0.0,0.0
sgg:2491412,polska,7,5,3.3,1.7,1.27,2021-10,2021-10,0,0,0.0,0.0,0.0
ch:starrywarren,starrywarren,7,4,2.8,1.2,0.94,2023-10,2023-10,0,0,0.0,0.0,0.0
bf:5f11d247160c3f2239e940a4,LuckySpike,7,2,3.2,-1.2,-0.93,2021-02,2021-10,0,0,0.0,0.0,0.0
ch:散失水人蝴蝶狗#4817(morphling),散失水人蝴蝶狗 (morphling),7,4,3.0,1.0,0.79,2024-05,2024-08,0,0,0.0,0.0,0.0
bf:673f9a3c70390c0041722f95,Juan,7,4,3.0,1.0,0.76,2024-11,2024-12,7,4,3.0,1.0,0.76
bf:673f9adc2ea3530021c8d9f6,newyen2,7,4,3.1,0.9,0.67,2024-11,2024-11,7,4,3.1,0.9,0.67
sgg:3082715,Johnny99,7,4,3.1,0.9,0.66,2022-10,2022-11,0,0,0.0,0.0,0.0
sgg:3082136,Sgt_Stupidity,7,4,3.3,0.7,0.53,2022-10,2022-11,0,0,0.0,0.0,0.0
sgg:2504205,1,7,4,3.3,0.7,0.51,2022-10,2022-11,0,0,0.0,0.0,0.0
bf:673f9e9f70390c0041722fa7,逆流CH,7,4,3.4,0.6,0.48,2024-11,2024-11,7,4,3.4,0.6,0.48
bf:5fbc4040adfefd64e8c8fd73,Diogenesis,7,4,3.4,0.6,0.44,2021-02,2021-10,0,0,0.0,0.0,0.0
sgg:2374874,Hayboza,7,4,3.4,0.6,0.42,2021-05,2021-08,0,0,0.0,0.0,0.0
ch:s2tlzlz,s2Tl zlZ,7,3,3.3,-0.3,-0.25,2022-08,2022-09,0,0,0.0,0.0,0.0
ch:w,W,7,3,3.2,-0.2,-0.15,2022-09,2023-03,0,0,0.0,0.0,0.0
ch:syroezhkin,syroezhkin,7,3,2.9,0.1,0.06,2023-10,2023-12,0,0,0.0,0.0,0.0
ch:jpkviii,JPK VIII,7,3,3.1,-0.1,-0.05,2025-07,2026-08,7,3,3.1,-0.1,-0.05
ch:apologize,Apologize,7,3,3.0,-0.0,-0.02,2021-07,2021-09,0,0,0.0,0.0,0.0
sgg:2483676,乱码乱码,6,1,3.0,-2.0,-1.65,2021-10,2022-10,0,0,0.0,0.0,0.0
sgg:3091311,Xcelera,6,1,2.8,-1.8,-1.52,2022-10,2022-10,0,0,0.0,0.0,0.0
ch:highentropybody,High Entropy Body,6,4,2.3,1.7,1.44,2024-01,2024-01,0,0,0.0,0.0,0.0
bf:673f9e70744fee00353bc83a,罗德岛太阳烤,6,1,2.6,-1.6,-1.34,2024-11,2024-11,6,1,2.6,-1.6,-1.34
bf:5eb7670e5e789b4b50a06de2,WHEEL3R,6,1,2.5,-1.5,-1.28,2021-02,2022-01,0,0,0.0,0.0,0.0
ch:chandelier,Chandelier,6,4,2.5,1.5,1.24,2023-04,2023-04,0,0,0.0,0.0,0.0
sgg:3081838,CyberVk,6,4,2.6,1.4,1.13,2022-10,2022-10,0,0,0.0,0.0,0.0
ch:鸾缨凤翎,鸾缨凤翎 (Aquila),6,4,2.8,1.2,1.0,2026-04,2026-04,6,4,2.8,1.2,1.0
bf:601d8d265470fa2af29f55e8,Bronzeguy,6,4,2.8,1.2,0.95,2022-02,2022-02,0,0,0.0,0.0,0.0
sgg:3089987,yogamanzero,6,2,2.8,-0.8,-0.69,2022-10,2022-10,0,0,0.0,0.0,0.0
ch:伊弗列姆,伊弗列姆 (ephraim),6,3,2.3,0.7,0.62,2025-02,2025-02,6,3,2.3,0.7,0.62
bf:673f95c5237e35004096e48c,0.0,6,3,2.3,0.7,0.59,2024-11,2024-11,6,3,2.3,0.7,0.59
ch:fansmiling,fansmiling,6,2,2.7,-0.7,-0.54,2023-04,2023-06,0,0,0.0,0.0,0.0
bf:673f9c7989b5530023006e56,ZENIVE,6,3,2.5,0.5,0.41,2024-11,2024-11,6,3,2.5,0.5,0.41
ch:拿古飞,拿古飞,6,2,2.5,-0.5,-0.4,2023-07,2023-08,0,0,0.0,0.0,0.0
ch:linzhixiang562,linzhixiang562,6,2,2.5,-0.5,-0.39,2023-02,2023-03,0,0,0.0,0.0,0.0
bf:5fb0e0020c8f110e8a8bf3f2,Krieger,6,3,2.6,0.4,0.31,2022-10,2022-11,0,0,0.0,0.0,0.0
ch:劣质暗杀兵,劣质暗杀兵,6,3,2.7,0.3,0.26,2021-06,2023-08,0,0,0.0,0.0,0.0
sgg:2485339,Raz0r,6,3,2.9,0.1,0.1,2021-10,2021-10,0,0,0.0,0.0,0.0
bf:6043da6f1fe61e118d92889d,Matiu,6,3,2.9,0.1,0.07,2021-10,2021-10,0,0,0.0,0.0,0.0
sgg:2483766,black_nao,6,3,2.9,0.1,0.05,2021-10,2021-10,0,0,0.0,0.0,0.0
sgg:2488469,岬明乃,6,3,3.1,-0.1,-0.04,2021-10,2021-10,0,0,0.0,0.0,0.0
bf:601d68eabf58cf5f54a82fbf,LeeandGarros,6,3,3.1,-0.1,-0.04,2021-10,2021-10,0,0,0.0,0.0,0.0
bf:5f0de85b7c5e104738aeb5a8,benc,5,0,2.5,-2.5,-2.26,2021-10,2021-10,0,0,0.0,0.0,0.0
sgg:3092705,Lung King,5,0,2.5,-2.5,-2.2,2022-10,2022-10,0,0,0.0,0.0,0.0
bf:673f971770390c0041722f76,Baycel,5,0,2.4,-2.4,-2.15,2023-06,2024-11,3,0,1.5,-1.5,-1.81
ch:dio,DIO,5,4,1.8,2.2,2.11,2022-10,2022-10,0,0,0.0,0.0,0.0
sgg:2695007,PDC,5,0,2.3,-2.3,-2.07,2022-10,2022-10,0,0,0.0,0.0,0.0
ch:1021758278,1021758278,5,0,2.2,-2.2,-2.06,2023-10,2023-10,0,0,0.0,0.0,0.0
ch:donk,donk,5,0,2.2,-2.2,-1.98,2025-07,2025-07,5,0,2.2,-2.2,-1.98
ch:雪侯府府主,雪侯府府主,5,0,2.0,-2.0,-1.86,2023-10,2023-10,0,0,0.0,0.0,0.0
ch:lostlight-n,lostlight-n,5,0,1.9,-1.9,-1.77,2024-03,2024-04,0,0,0.0,0.0,0.0
bf:5f1b48d1abfcb016362ba48e,Berni de Balle,5,1,2.7,-1.7,-1.48,2021-10,2021-10,0,0,0.0,0.0,0.0
bf:6051fe41cbd09156d261e80c,Io de Scylla,5,1,2.6,-1.6,-1.45,2021-10,2021-10,0,0,0.0,0.0,0.0
sgg:2483769,星若空,5,1,2.6,-1.6,-1.45,2021-10,2021-10,0,0,0.0,0.0,0.0
bf:5f11e67d85fecb25631448a0,yufzsy,5,1,2.5,-1.5,-1.38,2021-10,2021-10,0,0,0.0,0.0,0.0
sgg:2621966,Vanguard,5,1,2.5,-1.5,-1.34,2021-11,2022-10,0,0,0.0,0.0,0.0
sgg:3091884,Yangshell,5,1,2.5,-1.5,-1.33,2022-10,2022-10,0,0,0.0,0.0,0.0
ch:少年游,少年游,5,1,2.2,-1.2,-1.14,2023-10,2023-10,0,0,0.0,0.0,0.0
ch:응애뉴비,응애뉴비,5,3,1.8,1.2,1.14,2024-01,2024-01,0,0,0.0,0.0,0.0
ch:cilly,Cilly,5,3,1.8,1.2,1.12,2025-04,2025-04,5,3,1.8,1.2,1.12
ch:伤心河,伤心河,5,3,1.8,1.2,1.12,2025-04,2025-04,5,3,1.8,1.2,1.12
ch:東雪涟offical,東雪涟 offical,5,3,1.8,1.2,1.08,2024-11,2024-11,5,3,1.8,1.2,1.08
bf:673f98e1237e35004096e4a9,DiTya,5,1,2.2,-1.2,-1.05,2024-11,2024-11,5,1,2.2,-1.2,-1.05
ch:永远鲜红的幼月,永远鲜红的幼月,5,1,2.0,-1.0,-0.94,2023-10,2023-10,0,0,0.0,0.0,0.0
ch:即使一刹花火,即使一刹花火,5,3,2.0,1.0,0.92,2024-03,2024-03,0,0,0.0,0.0,0.0
ch:随风飘散,随风飘散,5,3,2.0,1.0,0.92,2024-09,2024-09,5,3,2.0,1.0,0.92
ch:kartash.璇,kartash.璇,5,3,2.0,1.0,0.91,2026-06,2026-06,5,3,2.0,1.0,0.91
ch:jinhao666,jinhao666,5,3,2.0,1.0,0.9,2022-03,2022-03,0,0,0.0,0.0,0.0
ch:巴特勒,巴特勒,5,1,2.0,-1.0,-0.87,2024-01,2024-01,0,0,0.0,0.0,0.0
ch:清残局,清残局,5,1,1.9,-0.9,-0.85,2023-02,2023-03,0,0,0.0,0.0,0.0
ch:vitameistango,vitameistango,5,3,2.1,0.9,0.81,2023-10,2023-10,0,0,0.0,0.0,0.0
ch:耀旭,耀 旭,5,3,2.1,0.9,0.8,2026-04,2026-04,5,3,2.1,0.9,0.8
ch:thorondor,ThoRoNDoR,5,1,1.8,-0.8,-0.76,2023-10,2023-10,0,0,0.0,0.0,0.0
bf:673f9e3a70390c0041722fa2,海绵宝宝有点皮,5,3,2.2,0.8,0.76,2024-11,2024-11,5,3,2.2,0.8,0.76
ch:古月小莉,古月小莉,5,3,2.2,0.8,0.76,2026-08,2026-08,5,3,2.2,0.8,0.76
ch:dark,dark,5,3,2.2,0.8,0.75,2024-09,2024-09,5,3,2.2,0.8,0.75
bf:673f98d070390c0041722f7f,DannysDirection,5,3,2.3,0.7,0.65,2024-11,2024-11,5,3,2.3,0.7,0.65
ch:请叫我林林林大人,请叫我林林林大人,5,3,2.3,0.7,0.64,2026-04,2026-04,5,3,2.3,0.7,0.64
ch:爱玩黄毛黑龙,爱玩黄毛黑龙,5,3,2.3,0.7,0.61,2026-06,2026-06,5,3,2.3,0.7,0.61
bf:601ae997fb69622ad6617823,Lord Zarax,5,3,2.3,0.7,0.6,2022-10,2022-10,0,0,0.0,0.0,0.0
sgg:2319558,Xman,5,2,2.7,-0.7,-0.59,2021-10,2021-10,0,0,0.0,0.0,0.0
ch:咔滋糕手,咔滋糕手,5,3,2.4,0.6,0.57,2026-02,2026-02,5,3,2.4,0.6,0.57
ch:老咸鱼了,老咸鱼了,5,3,2.4,0.6,0.56,2025-10,2025-10,5,3,2.4,0.6,0.56
sgg:2483895,Titoo,5,2,2.6,-0.6,-0.53,2021-10,2021-10,0,0,0.0,0.0,0.0
ch:哈锣呀,哈锣呀,5,3,2.5,0.5,0.45,2022-06,2022-06,0,0,0.0,0.0,0.0
ch:897009834,897009834,5,3,2.5,0.5,0.42,2021-05,2021-06,0,0,0.0,0.0,0.0
sgg:3090658,PlayerF20,5,2,2.5,-0.5,-0.42,2022-10,2022-10,0,0,0.0,0.0,0.0
bf:5f3bc9efdbf742295bce0a9d,黑森公爵,5,2,2.5,-0.5,-0.42,2022-10,2022-10,0,0,0.0,0.0,0.0
ch:嘤嘤怪,嘤嘤怪,5,2,2.5,-0.5,-0.42,2026-04,2026-04,5,2,2.5,-0.5,-0.42
ch:上海上单dinzhencha,上海上单dinzhencha,5,2,2.5,-0.5,-0.41,2026-04,2026-04,5,2,2.5,-0.5,-0.41
bf:5fc13c6e4a99f533280c7373,Vavilon6,5,2,2.4,-0.4,-0.38,2021-02,2021-04,0,0,0.0,0.0,0.0
sgg:2495272,General Winter,5,3,2.6,0.4,0.37,2021-10,2021-10,0,0,0.0,0.0,0.0
ch:tea,Tea,5,2,2.4,-0.4,-0.36,2026-08,2026-08,5,2,2.4,-0.4,-0.36
ch:云上梢离,云上梢离,5,2,2.4,-0.4,-0.35,2026-08,2026-08,5,2,2.4,-0.4,-0.35
sgg:2491143,匿名拳法家,5,2,2.4,-0.4,-0.34,2021-10,2021-10,0,0,0.0,0.0,0.0
ch:yals,YALS,5,2,2.4,-0.4,-0.33,2026-08,2026-08,5,2,2.4,-0.4,-0.33
bf:603aca86a4a3f111939e5346,Druso,5,2,2.3,-0.3,-0.31,2022-10,2022-10,0,0,0.0,0.0,0.0
bf:673f9b6d2ea3530021c8d9ff,sailing,5,2,2.3,-0.3,-0.31,2024-11,2024-11,5,2,2.3,-0.3,-0.31
bf:673f95e4237e35004096e490,(°w°),5,2,2.3,-0.3,-0.28,2024-11,2024-11,5,2,2.3,-0.3,-0.28
bf:673f9ee1237e35004096e4cc,鹰扬将军,5,2,2.3,-0.3,-0.25,2024-11,2024-11,5,2,2.3,-0.3,-0.25
bf:673f9aa781b1a20036ec0780,minsuk9701,5,2,2.3,-0.3,-0.24,2024-11,2024-11,5,2,2.3,-0.3,-0.24
ch:camper,CAMPER,5,2,2.2,-0.2,-0.21,2023-10,2023-10,0,0,0.0,0.0,0.0
ch:jeo,jeo,5,2,1.8,0.2,0.16,2025-07,2025-07,5,2,1.8,0.2,0.16
ch:你要变成光,你要变成光,5,2,2.2,-0.2,-0.15,2024-09,2024-09,5,2,2.2,-0.2,-0.15
ch:兰音姐姐的音道真好测,兰音姐姐的音道真好测,5,2,2.2,-0.2,-0.14,2024-09,2024-09,5,2,2.2,-0.2,-0.14
ch:一只普通的暖欣,一只普通的暖欣,5,2,1.8,0.2,0.14,2025-10,2025-10,5,2,1.8,0.2,0.14
ch:kris,kris,5,2,1.9,0.1,0.13,2024-02,2024-02,0,0,0.0,0.0,0.0
ch:被闪击的波兰,被闪击的波兰,5,2,2.1,-0.1,-0.13,2024-02,2024-02,0,0,0.0,0.0,0.0
ch:shadowlord69,shadowlord69,5,2,2.1,-0.1,-0.12,2024-03,2024-03,0,0,0.0,0.0,0.0
ch:两百多斤英国大力士,两百多斤英国大力士,5,2,2.1,-0.1,-0.11,2023-10,2023-10,0,0,0.0,0.0,0.0
ch:小白小白小白狼,小白小白小白狼,5,2,2.1,-0.1,-0.11,2023-10,2023-10,0,0,0.0,0.0,0.0
ch:没错你是对面的人,没错你是对面的人,5,2,2.1,-0.1,-0.1,2025-07,2025-07,5,2,2.1,-0.1,-0.1
ch:neverlucky,NeverLucky,5,2,2.1,-0.1,-0.08,2024-03,2024-03,0,0,0.0,0.0,0.0
ch:s961578,s961578,5,2,2.1,-0.1,-0.05,2023-10,2023-10,0,0,0.0,0.0,0.0
ch:晴想睡个好觉,晴想睡个好觉,5,2,2.0,0.0,0.03,2023-10,2023-10,0,0,0.0,0.0,0.0
ch:stormgarde,stormgarde,5,2,2.0,-0.0,-0.03,2023-12,2023-12,0,0,0.0,0.0,0.0
ch:pain-gan,PAIN-GAN,5,2,2.0,-0.0,-0.01,2023-10,2023-10,0,0,0.0,0.0,0.0
bf:5fbd548d698db1048d27a866,Citrons,4,0,2.0,-2.0,-2.0,2021-10,2021-10,0,0,0.0,0.0,0.0
sgg:3080856,叶底人,4,0,1.9,-1.9,-1.87,2022-10,2022-10,0,0,0.0,0.0,0.0
ch:影依丶,影依丶,4,0,1.8,-1.8,-1.86,2024-09,2024-09,4,0,1.8,-1.8,-1.86
ch:dylan,Dylan,4,0,1.7,-1.7,-1.75,2025-02,2025-02,4,0,1.7,-1.7,-1.75
sgg:3082290,tellulu~,4,0,1.6,-1.6,-1.7,2022-10,2022-10,0,0,0.0,0.0,0.0
ch:原神启动！,原神启动！,4,0,1.7,-1.7,-1.69,2024-03,2024-03,0,0,0.0,0.0,0.0
ch:владимир,Владимир,4,0,1.6,-1.6,-1.67,2023-10,2023-10,0,0,0.0,0.0,0.0
bf:601d334704309b1b93074798,Jashin,4,0,1.6,-1.6,-1.61,2021-06,2022-04,0,0,0.0,0.0,0.0
ch:radler,R ADLER,4,0,1.5,-1.5,-1.59,2023-10,2023-10,0,0,0.0,0.0,0.0
ch:zhigul,Zhigul,4,0,1.2,-1.2,-1.33,2023-10,2023-10,0,0,0.0,0.0,0.0
bf:5dadf6683f9f8d27e2e9cc0b,GKZhukov,4,3,1.8,1.2,1.23,2021-02,2021-02,0,0,0.0,0.0,0.0
sgg:2486768,我选择丝袜,4,1,2.2,-1.2,-1.18,2021-10,2021-10,0,0,0.0,0.0,0.0
sgg:2494779,风林火山,4,1,2.1,-1.1,-1.06,2021-10,2022-06,0,0,0.0,0.0,0.0
bf:5f11d0b0eea71b24bc30e84a,BUCKY,4,1,2.0,-1.0,-1.05,2021-10,2021-10,0,0,0.0,0.0,0.0
occsheet:byej,Bye J,4,3,2.0,1.0,1.03,2020-08,2020-09,0,0,0.0,0.0,0.0
occsheet:ocanadabearo,OCanadaBearO,4,3,2.0,1.0,1.01,2020-08,2020-09,0,0,0.0,0.0,0.0
sgg:2494678,mkGold,4,1,2.0,-1.0,-1.0,2021-10,2021-10,0,0,0.0,0.0,0.0
ch:东京圣爱音,东京圣爱音,4,1,2.0,-1.0,-0.99,2026-08,2026-08,4,1,2.0,-1.0,-0.99
ch:猪猪农场保安,猪猪农场保安,4,1,2.0,-1.0,-0.98,2026-04,2026-04,4,1,2.0,-1.0,-0.98
ch:laoba114514,laoba114514,4,1,2.0,-1.0,-0.97,2026-04,2026-04,4,1,2.0,-1.0,-0.97
ch:dogmai,dogmai,4,1,1.9,-0.9,-0.91,2026-06,2026-06,4,1,1.9,-0.9,-0.91
sgg:3086985,小小云,4,1,1.9,-0.9,-0.9,2022-10,2023-05,0,0,0.0,0.0,0.0
ch:y233,y233,4,1,1.9,-0.9,-0.9,2026-08,2026-08,4,1,1.9,-0.9,-0.9
sgg:2483661,milstein,4,1,1.9,-0.9,-0.88,2021-10,2021-10,0,0,0.0,0.0,0.0
ch:重生之我是印卡机,重生之我是印卡机,4,1,1.8,-0.8,-0.79,2025-02,2025-02,4,1,1.8,-0.8,-0.79
ch:RagingJimCramer,RagingJimCramer,4,2,1.3,0.7,0.78,2023-06,2023-06,0,0,0.0,0.0,0.0
bf:673f962c70390c0041722f70,AmI,4,1,1.7,-0.7,-0.76,2024-11,2024-11,4,1,1.7,-0.7,-0.76
ch:再见宋哈娜,再见宋哈娜,4,1,1.7,-0.7,-0.75,2023-03,2023-03,0,0,0.0,0.0,0.0
ch:匆匆蜀山客,匆匆蜀山客,4,1,1.7,-0.7,-0.72,2024-10,2024-10,4,1,1.7,-0.7,-0.72
bf:673f9965a144d7002b2e289a,Gronkomojs,4,1,1.6,-0.6,-0.67,2024-11,2024-11,4,1,1.6,-0.6,-0.67
sgg:2520081,wastecan,4,1,1.6,-0.6,-0.64,2023-10,2023-10,0,0,0.0,0.0,0.0
ch:泠月清霄,泠月清霄,4,1,1.6,-0.6,-0.64,2023-10,2023-10,0,0,0.0,0.0,0.0
ch:nsplhx,NSPLHX,4,1,1.6,-0.6,-0.64,2025-02,2025-02,4,1,1.6,-0.6,-0.64
ch:lok,Lok,4,1,1.6,-0.6,-0.63,2023-10,2023-10,0,0,0.0,0.0,0.0
ch:惊鸿照影,惊鸿照影,4,2,1.4,0.6,0.62,2023-09,2023-09,0,0,0.0,0.0,0.0
ch:jasonli,Jasonli,4,1,1.6,-0.6,-0.57,2024-11,2024-11,4,1,1.6,-0.6,-0.57
ch:overkill,Overkill,4,2,1.5,0.5,0.52,2023-10,2023-10,0,0,0.0,0.0,0.0
ch:leonard,LEONARD,4,1,1.5,-0.5,-0.52,2026-06,2026-06,4,1,1.5,-0.5,-0.52
ch:共和国在下雨,共和国在下雨,4,2,1.6,0.4,0.45,2025-07,2025-07,4,2,1.6,0.4,0.45
ch:权游第九季,权游第九季,4,2,1.6,0.4,0.42,2023-02,2023-02,0,0,0.0,0.0,0.0
ch:negada,Negada,4,2,1.7,0.3,0.35,2023-05,2023-05,0,0,0.0,0.0,0.0
sgg:3082387,lin,4,2,1.7,0.3,0.3,2022-10,2022-11,0,0,0.0,0.0,0.0
ch:lappland,Lappland,4,2,1.7,0.3,0.28,2021-10,2021-10,0,0,0.0,0.0,0.0
bf:673f9623237e35004096e495,Afroninja,4,2,1.7,0.3,0.27,2024-11,2024-11,4,2,1.7,0.3,0.27
bf:673f975070390c0041722f7a,Blame and Crime,4,2,1.7,0.3,0.25,2024-11,2024-11,4,2,1.7,0.3,0.25
ch:artizo,Artizo,4,2,1.8,0.2,0.24,2022-03,2022-03,0,0,0.0,0.0,0.0
ch:mrlwt,mrlwt,4,2,1.8,0.2,0.22,2023-10,2023-10,0,0,0.0,0.0,0.0
ch:vnato,Vnato,4,2,1.8,0.2,0.21,2021-11,2021-11,0,0,0.0,0.0,0.0
sgg:3082416,[BZH] eTo,4,2,1.8,0.2,0.21,2022-10,2022-10,0,0,0.0,0.0,0.0
bf:673f9b072ea3530021c8d9f9,Noki,4,2,1.8,0.2,0.2,2024-11,2024-11,4,2,1.8,0.2,0.2
ch:天机主神荣荣,天机主神荣荣,4,2,1.8,0.2,0.19,2025-10,2025-10,4,2,1.8,0.2,0.19
ch:就酱晒晕风尘,就酱晒晕风尘,4,2,1.8,0.2,0.16,2024-10,2024-10,4,2,1.8,0.2,0.16
ch:龙神上将,龙神上将,4,2,1.9,0.1,0.14,2026-08,2026-08,4,2,1.9,0.1,0.14
bf:673f9ec8744fee00353bc842,魂魄妖梦,4,2,1.9,0.1,0.11,2024-11,2024-11,4,2,1.9,0.1,0.11
bf:673f961a744fee00353bc80a,Abyss,4,2,1.9,0.1,0.11,2024-11,2024-11,4,2,1.9,0.1,0.11
ch:somethingodd,Something Odd,4,2,1.9,0.1,0.1,2022-04,2022-04,0,0,0.0,0.0,0.0
ch:kalts1t,Kalts1t,4,2,1.9,0.1,0.07,2026-08,2026-08,4,2,1.9,0.1,0.07
sgg:2483631,Karl,4,2,2.0,-0.0,-0.04,2021-10,2021-10,0,0,0.0,0.0,0.0
sgg:2486604,CHINA,4,2,2.0,-0.0,-0.02,2021-10,2021-10,0,0,0.0,0.0,0.0
sgg:2496415,ZlínskéEsoCZ,4,2,2.0,0.0,0.0,2021-10,2021-10,0,0,0.0,0.0,0.0
ch:tiger,Tiger,3,3,0.7,2.3,3.13,2023-05,2023-05,0,0,0.0,0.0,0.0
ch:函末呀,函末呀,3,3,1.2,1.8,2.15,2021-07,2021-07,0,0,0.0,0.0,0.0
sgg:2496180,yuxin,3,0,1.6,-1.6,-1.83,2021-10,2021-10,0,0,0.0,0.0,0.0
ch:tastedasrainbow,TasteDasRainbow,3,0,1.5,-1.5,-1.75,2021-06,2021-07,0,0,0.0,0.0,0.0
ch:moonshine,moonshine,3,0,1.5,-1.5,-1.72,2026-08,2026-08,3,0,1.5,-1.5,-1.72
ch:梦鸡的泪巴,梦鸡的泪巴,3,0,1.5,-1.5,-1.68,2026-04,2026-04,3,0,1.5,-1.5,-1.68
bf:673f972f70390c0041722f78,binar,3,0,1.4,-1.4,-1.65,2024-11,2024-11,3,0,1.4,-1.4,-1.65
sgg:2410397,BurningLAN,3,0,1.4,-1.4,-1.61,2021-10,2021-10,0,0,0.0,0.0,0.0
ch:fusy,fusy,3,0,1.4,-1.4,-1.61,2026-02,2026-02,3,0,1.4,-1.4,-1.61
sgg:2938393,cococino,3,0,1.4,-1.4,-1.58,2022-05,2022-06,0,0,0.0,0.0,0.0
ch:丸山之上缤纷彩,丸山之上缤纷彩,3,0,1.4,-1.4,-1.58,2024-10,2024-10,3,0,1.4,-1.4,-1.58
ch:明河共影,明河共影,3,0,1.4,-1.4,-1.58,2026-06,2026-06,3,0,1.4,-1.4,-1.58
sgg:3084764,司徒夏Anarcho,3,0,1.3,-1.3,-1.55,2022-10,2022-10,0,0,0.0,0.0,0.0
bf:673f993770390c0041722f88,Gebura,3,0,1.3,-1.3,-1.51,2024-11,2024-11,3,0,1.3,-1.3,-1.51
bf:673f97ed89b5530023006e2c,ＣＩＶＩＳ,3,0,1.3,-1.3,-1.51,2024-11,2024-11,3,0,1.3,-1.3,-1.51
ch:nick,Nick,3,0,1.2,-1.2,-1.45,2024-11,2024-11,3,0,1.2,-1.2,-1.45
bf:673f9b0f81b1a20036ec0788,ogogon,3,0,1.2,-1.2,-1.41,2024-11,2024-11,3,0,1.2,-1.2,-1.41
ch:阳阳rua,阳阳rua,3,0,1.2,-1.2,-1.4,2025-10,2025-10,3,0,1.2,-1.2,-1.4
bf:673f9abf2ea3530021c8d9f0,mostovoi.team,3,0,1.1,-1.1,-1.37,2024-11,2024-11,3,0,1.1,-1.1,-1.37
ch:思路决定胜负,思路决定胜负,3,0,1.1,-1.1,-1.34,2024-11,2024-11,3,0,1.1,-1.1,-1.34
ch:张清霄,张清霄,3,0,1.1,-1.1,-1.33,2025-04,2025-04,3,0,1.1,-1.1,-1.33
occsheet:lihifeng,Li Hi Feng,3,2,1.2,0.8,1.0,2021-02,2021-02,0,0,0.0,0.0,0.0
occsheet:dreamer,Dreamer,3,2,1.2,0.8,0.95,2020-10,2020-10,0,0,0.0,0.0,0.0
ch:戒后余生,戒后余生,3,1,1.6,-0.6,-0.65,2022-07,2022-07,0,0,0.0,0.0,0.0
sgg:2497727,swaggyp,3,1,1.6,-0.6,-0.64,2021-10,2021-10,0,0,0.0,0.0,0.0
bf:5f0e248def3ab65b96796c3f,frenchcook,3,1,1.5,-0.5,-0.63,2021-02,2021-06,0,0,0.0,0.0,0.0
sgg:2492394,inktrail,3,1,1.5,-0.5,-0.63,2021-10,2021-10,0,0,0.0,0.0,0.0
bf:673f9ab781b1a20036ec0784,molin,3,2,1.5,0.5,0.59,2024-11,2024-11,3,2,1.5,0.5,0.59
bf:601ce7017d548611be7697b6,JTR498,3,1,1.5,-0.5,-0.58,2022-10,2022-10,0,0,0.0,0.0,0.0
bf:673f9dfc237e35004096e4c0,朝雨本雨,3,1,1.5,-0.5,-0.58,2024-11,2024-11,3,1,1.5,-0.5,-0.58
ch:huaji-knife,Huaji-knife,3,1,1.5,-0.5,-0.58,2026-04,2026-04,3,1,1.5,-0.5,-0.58
ch:player290592455,Player 290592455,3,1,1.5,-0.5,-0.57,2026-04,2026-04,3,1,1.5,-0.5,-0.57
ch:巨馍蘸酱和能持大师舌吻,巨馍蘸酱和能持大师舌吻,3,1,1.5,-0.5,-0.54,2022-05,2022-05,0,0,0.0,0.0,0.0
ch:晓风残月,晓风残月,3,1,1.5,-0.5,-0.52,2022-07,2022-07,0,0,0.0,0.0,0.0
ch:basilides,Basilides,3,1,1.4,-0.4,-0.47,2022-06,2022-06,0,0,0.0,0.0,0.0
bf:673f99fa70390c0041722f8f,iLdrim,3,1,1.4,-0.4,-0.47,2024-11,2024-11,3,1,1.4,-0.4,-0.47
ch:yuri,Yuri,3,1,1.4,-0.4,-0.45,2022-08,2022-08,0,0,0.0,0.0,0.0
ch:typhus,Typhus,3,1,1.4,-0.4,-0.43,2021-05,2021-06,0,0,0.0,0.0,0.0
sgg:3081574,diabl0joker,3,1,1.4,-0.4,-0.43,2022-10,2022-10,0,0,0.0,0.0,0.0
bf:5fc0244ca2fd34654753d0cb,bjelke666,3,1,1.4,-0.4,-0.43,2022-10,2022-10,0,0,0.0,0.0,0.0
ch:jinlun,Jinlun,3,1,0.7,0.3,0.43,2023-05,2023-05,0,0,0.0,0.0,0.0
ch:thanks,Thanks,3,1,1.3,-0.3,-0.41,2025-10,2025-10,3,1,1.3,-0.3,-0.41
bf:673f9c5f81b1a20036ec079a,Withsword,3,1,1.3,-0.3,-0.4,2024-11,2024-11,3,1,1.3,-0.3,-0.4
ch:xiaowang,xiaowang,3,1,1.3,-0.3,-0.4,2025-10,2025-10,3,1,1.3,-0.3,-0.4
sgg:2509034,JHugs,3,1,1.3,-0.3,-0.39,2022-10,2022-10,0,0,0.0,0.0,0.0
sgg:2624037,Chavi,3,1,1.3,-0.3,-0.38,2022-09,2022-09,0,0,0.0,0.0,0.0
ch:thedevil'sahandosmeman,TheDevil'sAHandosmeMan,3,1,1.2,-0.2,-0.29,2022-03,2022-03,0,0,0.0,0.0,0.0
ch:firoots,Firoots,3,1,1.2,-0.2,-0.28,2022-11,2022-11,0,0,0.0,0.0,0.0
ch:大帝高文,大帝高文,3,1,1.2,-0.2,-0.24,2022-12,2022-12,0,0,0.0,0.0,0.0
ch:time_swallow,Time_Swallow,3,1,1.2,-0.2,-0.23,2023-07,2023-07,0,0,0.0,0.0,0.0
ch:isthisghost,IsThisGhost,3,1,1.2,-0.2,-0.23,2023-11,2023-11,0,0,0.0,0.0,0.0
ch:沙耶saya,沙耶Saya,3,1,1.1,-0.1,-0.18,2023-01,2023-01,0,0,0.0,0.0,0.0
ch:果咩呐塞,果咩呐塞,3,1,1.1,-0.1,-0.11,2025-10,2025-10,3,1,1.1,-0.1,-0.11
ch:你算哪块小饼干,你算哪块小饼干,3,1,1.1,-0.1,-0.06,2022-12,2022-12,0,0,0.0,0.0,0.0
bf:5f0f3d9e7c4df3491abfe047,Snooginz,2,0,1.1,-1.1,-1.52,2021-02,2021-02,0,0,0.0,0.0,0.0
bf:673f9f1470390c0041722fae,龙心人马跳刀踩,2,2,0.9,1.1,1.51,2024-11,2024-11,2,2,0.9,1.1,1.51
ch:柠檬突刺,柠檬突刺,2,0,1.1,-1.1,-1.5,2021-05,2021-06,0,0,0.0,0.0,0.0
bf:5f32919a74a4bd1196ff9509,wydsxl,2,0,1.0,-1.0,-1.46,2020-09,2021-09,0,0,0.0,0.0,0.0
ch:koma,Koma,2,0,1.0,-1.0,-1.41,2022-04,2022-04,0,0,0.0,0.0,0.0
ch:unamattina,Una Mattina,2,0,1.0,-1.0,-1.41,2022-04,2022-04,0,0,0.0,0.0,0.0
ch:起个名子,起个名子,2,0,1.0,-1.0,-1.39,2026-08,2026-08,2,0,1.0,-1.0,-1.39
bf:673f9c8289b5530023006e59,一方,2,0,1.0,-1.0,-1.38,2024-11,2024-11,2,0,1.0,-1.0,-1.38
ch:王牌卧底川建国,王牌卧底川建国,2,0,1.0,-1.0,-1.37,2022-05,2022-05,0,0,0.0,0.0,0.0
ch:skoomalover,SkoomaLover,2,0,1.0,-1.0,-1.37,2022-09,2022-09,0,0,0.0,0.0,0.0
bf:572751089b61d587125da415,pad,2,0,0.9,-0.9,-1.34,2022-07,2022-07,0,0,0.0,0.0,0.0
ch:古明地恋,古明地恋,2,0,0.9,-0.9,-1.33,2025-07,2025-07,2,0,0.9,-0.9,-1.33
ch:kdx13655350923,kdx13655350923,2,0,0.9,-0.9,-1.32,2022-05,2022-05,0,0,0.0,0.0,0.0
ch:夏浪,夏 浪,2,0,0.9,-0.9,-1.32,2022-08,2023-01,0,0,0.0,0.0,0.0
ch:frog,Frog,2,0,0.9,-0.9,-1.29,2022-09,2022-09,0,0,0.0,0.0,0.0
bf:673f9ded744fee00353bc830,月琥珀,2,0,0.9,-0.9,-1.29,2024-11,2024-11,2,0,0.9,-0.9,-1.29
bf:673f9dcf744fee00353bc82d,抽象的xx,2,0,0.9,-0.9,-1.29,2024-11,2024-11,2,0,0.9,-0.9,-1.29
ch:sakura,Sakura,2,0,0.9,-0.9,-1.28,2021-08,2021-08,0,0,0.0,0.0,0.0
ch:мурманск,Мурманск,2,0,0.9,-0.9,-1.28,2022-06,2022-06,0,0,0.0,0.0,0.0
ch:solarflare6041,solarflare6041,2,0,0.9,-0.9,-1.25,2023-03,2023-03,0,0,0.0,0.0,0.0
ch:vicking,VicKing,2,0,0.9,-0.9,-1.24,2023-11,2023-11,0,0,0.0,0.0,0.0
ch:foehnrevolt,Foehn Revolt,2,0,0.9,-0.9,-1.24,2026-06,2026-06,2,0,0.9,-0.9,-1.24
ch:樱井奏,樱井奏,2,0,0.8,-0.8,-1.21,2022-10,2022-10,0,0,0.0,0.0,0.0
ch:yzyyyds,yzyyyds,2,0,0.8,-0.8,-1.2,2022-11,2022-11,0,0,0.0,0.0,0.0
ch:有猫腻,有猫腻,2,0,0.8,-0.8,-1.19,2023-08,2023-08,0,0,0.0,0.0,0.0
ch:花满忘川,花满忘川,2,0,0.8,-0.8,-1.17,2023-04,2023-04,0,0,0.0,0.0,0.0
ch:因果交流电灯,因果交流电灯,2,0,0.8,-0.8,-1.17,2023-07,2023-07,0,0,0.0,0.0,0.0
ch:ルーミヤ,ルーミヤ,2,0,0.8,-0.8,-1.15,2026-06,2026-06,2,0,0.8,-0.8,-1.15
occsheet:saria,Saria,2,0,0.8,-0.8,-1.13,2020-11,2021-01,0,0,0.0,0.0,0.0
ch:謙^睡個好覚,謙^睡個好覚,2,0,0.8,-0.8,-1.12,2024-10,2024-10,2,0,0.8,-0.8,-1.12
ch:nimo,nimo,2,0,0.7,-0.7,-1.08,2023-09,2023-09,0,0,0.0,0.0,0.0
ch:amatues,amatues,2,0,0.7,-0.7,-0.98,2023-06,2023-06,0,0,0.0,0.0,0.0
ch:Kamavati,Kamavati,2,1,0.7,0.3,0.41,2023-03,2023-03,0,0,0.0,0.0,0.0
ch:咖喱鱼蛋#2218(electrophy),咖喱鱼蛋 (Electrophy),2,1,0.7,0.3,0.41,2024-05,2024-05,0,0,0.0,0.0,0.0
bf:60a67f38000fb03f36004b2c,Dindalian,2,1,0.8,0.2,0.26,2021-06,2021-06,0,0,0.0,0.0,0.0
bf:5c4dca4fa9f6820352797666,VildeScarz,2,1,0.8,0.2,0.24,2022-02,2022-02,0,0,0.0,0.0,0.0
sgg:2518593,dsada,2,1,0.8,0.2,0.22,2022-04,2022-04,0,0,0.0,0.0,0.0
ch:1831680461,1831680461,2,1,0.9,0.1,0.2,2021-06,2021-06,0,0,0.0,0.0,0.0
bf:602efa92d7a4147c1146d997,Dynamo D,2,1,0.9,0.1,0.19,2021-02,2021-02,0,0,0.0,0.0,0.0
bf:5f10c966160c3f2239e92921,ColdCarl,2,1,0.9,0.1,0.17,2021-06,2021-06,0,0,0.0,0.0,0.0
bf:673f9e5b744fee00353bc838,白给少年施贱客,2,1,0.9,0.1,0.13,2024-11,2024-11,2,1,0.9,0.1,0.13
bf:6064772a1dc5b905e3c0ff51,repose,2,1,1.0,0.0,0.04,2022-02,2022-02,0,0,0.0,0.0,0.0
bf:5fbebdee043fd20cdf90cfaf,GM_Logan,2,1,1.0,0.0,0.03,2021-05,2021-05,0,0,0.0,0.0,0.0
sgg:3087606,Oxide,2,1,1.0,0.0,0.03,2022-10,2022-10,0,0,0.0,0.0,0.0
sgg:2486878,covering,2,1,1.0,-0.0,-0.01,2021-10,2021-10,0,0,0.0,0.0,0.0
bf:673f9ea870390c0041722fa9,逍遥xy,2,1,1.0,0.0,0.0,2024-11,2024-11,2,1,1.0,0.0,0.0
bf:673f9eea70390c0041722fac,麻尤米mayumi,1,1,0.4,0.6,1.13,2024-11,2024-11,1,1,0.4,0.6,1.13
bf:5ebc5c7aec210a06ae04d4d4,Snefru,1,0,0.5,-0.5,-1.09,2020-09,2020-09,0,0,0.0,0.0,0.0
bf:5eb598330abb797ad38acaee,NonGMOSalt,1,0,0.5,-0.5,-1.05,2021-05,2021-05,0,0,0.0,0.0,0.0
bf:5f0e67fdf26046593189c71c,B_O_R_U_T_O_1,1,0,0.5,-0.5,-1.03,2021-05,2021-05,0,0,0.0,0.0,0.0
occsheet:titan,Titan,1,0,0.5,-0.5,-1.0,2020-08,2020-08,0,0,0.0,0.0,0.0
occsheet:michalelele,Michale-lele,1,0,0.5,-0.5,-1.0,2020-09,2020-09,0,0,0.0,0.0,0.0
bf:601cafe1bb724711bbdc0e41,diablojoker,1,0,0.5,-0.5,-1.0,2021-02,2021-02,0,0,0.0,0.0,0.0
bf:601dacd85156047698264137,pelota,1,0,0.5,-0.5,-1.0,2021-02,2021-02,0,0,0.0,0.0,0.0
bf:5ec5e7746951c62d86f53235,FL1ppY | エワウト,1,0,0.5,-0.5,-1.0,2021-02,2021-02,0,0,0.0,0.0,0.0
bf:601cb9e68f8ab5604536225b,xialang,1,0,0.5,-0.5,-1.0,2021-02,2021-02,0,0,0.0,0.0,0.0
bf:602c0e5389472a782b9cbc26,Shockwave750,1,0,0.5,-0.5,-1.0,2021-02,2021-02,0,0,0.0,0.0,0.0
bf:5e6a39a3f1f90c345a8e7fcd,Yakin,1,0,0.5,-0.5,-1.0,2021-02,2021-02,0,0,0.0,0.0,0.0
bf:5e9cf8ff72e2961f747c7978,DARKCA5TLE,1,0,0.5,-0.5,-1.0,2021-04,2021-04,0,0,0.0,0.0,0.0
ch:thegod,The God,1,0,0.5,-0.5,-1.0,2021-05,2021-05,0,0,0.0,0.0,0.0
bf:60a7c75f9c13276cd691586e,devil,1,0,0.5,-0.5,-1.0,2021-05,2021-05,0,0,0.0,0.0,0.0
bf:5d26bcf5c9bf6055b457dfb5,UkrainianKing,1,0,0.5,-0.5,-1.0,2021-05,2021-05,0,0,0.0,0.0,0.0
sgg:2938143,狐总命令往下传,1,0,0.5,-0.5,-1.0,2022-08,2022-08,0,0,0.0,0.0,0.0
ch:kochua,Kochua,1,0,0.5,-0.5,-1.0,2023-10,2023-10,0,0,0.0,0.0,0.0
bf:673f9e52744fee00353bc836,爆破麦当劳后厨,1,0,0.5,-0.5,-1.0,2024-11,2024-11,1,0,0.5,-0.5,-1.0
bf:673f9d4f744fee00353bc828,小循环高手,1,1,0.5,0.5,1.0,2024-11,2024-11,1,1,0.5,0.5,1.0
bf:673f9b8d2ea3530021c8da01,salmon26,1,0,0.5,-0.5,-1.0,2024-11,2024-11,1,0,0.5,-0.5,-1.0
bf:5f4536884cbe7961ba1906fa,Zanderson30,1,0,0.5,-0.5,-0.95,2020-09,2020-09,0,0,0.0,0.0,0.0
sgg:2627089,Dragoncall,1,0,0.5,-0.5,-0.94,2022-05,2022-05,0,0,0.0,0.0,0.0
ch:notdave99,notdave99,1,0,0.5,-0.5,-0.93,2022-11,2022-11,0,0,0.0,0.0,0.0
ch:alex,ALEX,1,0,0.5,-0.5,-0.92,2021-06,2021-06,0,0,0.0,0.0,0.0
bf:606854ffd0955e11e2b01407,Magnus_Aurel,1,0,0.5,-0.5,-0.91,2021-04,2021-04,0,0,0.0,0.0,0.0
bf:601d189a36ceeb11b32b81e2,MR.p,1,0,0.4,-0.4,-0.9,2021-05,2021-05,0,0,0.0,0.0,0.0
ch:大米呱呱,大米呱呱,1,0,0.4,-0.4,-0.89,2023-10,2023-10,0,0,0.0,0.0,0.0
bf:60ca80ace39b28468395e0c2,PAGMARE,1,0,0.4,-0.4,-0.88,2021-11,2021-11,0,0,0.0,0.0,0.0
bf:673f9c9f89b5530023006e5c,共產主義的幽靈,1,0,0.4,-0.4,-0.87,2024-11,2024-11,1,0,0.4,-0.4,-0.87
bf:5fb038eb1632970e916b6f46,DerNem,1,0,0.4,-0.4,-0.84,2022-02,2022-02,0,0,0.0,0.0,0.0
ch:天山新泰罗,天山新泰罗,1,0,0.4,-0.4,-0.83,2023-12,2023-12,0,0,0.0,0.0,0.0
sgg:2805583,Probe,1,0,0.4,-0.4,-0.82,2022-08,2022-08,0,0,0.0,0.0,0.0
occsheet:diablozhang,Diablo Zhang,1,0,0.4,-0.4,-0.8,2020-10,2020-10,0,0,0.0,0.0,0.0
bf:673f9c212ea3530021c8da0b,tonydu,1,0,0.4,-0.4,-0.79,2024-11,2024-11,1,0,0.4,-0.4,-0.79
bf:5e889af67a9c4c10932a6ca9,usp45master,1,0,0.4,-0.4,-0.77,2021-04,2021-04,0,0,0.0,0.0,0.0
sgg:3076789,Skyrif (Skyrif),1,0,0.4,-0.4,-0.77,2022-11,2022-11,0,0,0.0,0.0,0.0
sgg:2931690,CHNCWY,1,0,0.4,-0.4,-0.75,2022-08,2022-08,0,0,0.0,0.0,0.0
bf:673f98aca144d7002b2e2890,d30210,1,0,0.4,-0.4,-0.75,2024-11,2024-11,1,0,0.4,-0.4,-0.75
bf:6030551a73965f35ae461762,log1c,1,0,0.3,-0.3,-0.72,2021-04,2021-04,0,0,0.0,0.0,0.0
sgg:2803048,老毛eee,1,0,0.3,-0.3,-0.72,2023-08,2023-08,0,0,0.0,0.0,0.0
ch:全村我最帅,全村我最帅,1,0,0.3,-0.3,-0.71,2022-01,2022-01,0,0,0.0,0.0,0.0
bf:601ccba636ceeb11b32b80ff,清水晴政,1,0,0.3,-0.3,-0.71,2022-04,2022-04,0,0,0.0,0.0,0.0
ch:leovinardo,leovinardo,1,0,0.3,-0.3,-0.67,2023-06,2023-06,0,0,0.0,0.0,0.0
ch:恶法亦法(shawn),恶法亦法 (Shawn),1,0,0.3,-0.3,-0.62,2023-10,2023-10,0,0,0.0,0.0,0.0
ch:顶级岛风(shimakaze),顶级岛风 (shimakaze),1,0,0.2,-0.2,-0.55,2024-06,2024-06,0,0,0.0,0.0,0.0
ch:krelief,krelief,1,0,0.2,-0.2,-0.49,2023-10,2023-10,0,0,0.0,0.0,0.0
