fingerprint,composite,iid_macro_f1,transfer_macro_f1,iid_accuracy,fit_seconds,note
692e0d1ce41f,0.29312526492051816,0.743771826755398,0.29312526492051816,0.8027000000000001,50.03349184989929,evolve#3
77b4867c42c7,0.29098631585339413,0.5299823356339267,0.29098631585339413,0.7234333333333334,25.756083965301514,baseline:logreg_raw
96e38d187362,0.2819808526349451,0.7565452513091006,0.2819808526349451,0.8215666666666667,67.58141374588013,evolve#1
8e9cc53bbb2b,0.28109127391649485,0.735163309290234,0.28109127391649485,0.801,54.736459732055664,evolve#9
637d04565676,0.2799780599221209,0.735163309290234,0.2799780599221209,0.801,55.2677686214447,evolve#4
a01896a456e6,0.2776422172316343,0.7592433883791211,0.2776422172316343,0.8232666666666667,69.30100989341736,evolve#2
9ff42723b8fd,0.27744164838955154,0.7473473974099801,0.27744164838955154,0.8038333333333334,5.476799726486206,evolve#5
589aebb07818,0.2749928730012304,0.7385430329763208,0.2749928730012304,0.8076,23.415201425552368,evolve#11
da1b2a4261ae,0.27265840929103397,0.7558550145613427,0.27265840929103397,0.8207,65.11520290374756,evolve#0
98a09e0de66e,0.27210143349721166,0.6524361984084979,0.27210143349721166,0.7208,26.78645944595337,evolve#6
